DISTNO,CODE,TYPE,DISTNAME,SCHNAME,D09_03,D10_03,D11_03,D12_03,GRADS_4YR_03,GRADS_IEP_03,GRADS_PLUS_03,CERTS_03,GRAD_RT_03,D09_04,D10_04,D11_04,D12_04,GRADS_4YR_04,GRADS_IEP_04,GRADS_PLUS_04,CERTS_04,GRAD_RT_04,D09_05,D10_05,D11_05,D12_05,GRADS_4YR_05,GRADS_IEP_05,GRADS_PLUS_05,CERTS_05,GRAD_RT_05,D09_06,D10_06,D11_06,D12_06,GRADS_4YR_06,GRADS_IEP_06,GRADS_PLUS_06,CERTS_06,GRAD_RT_06,D09_07,D10_07,D11_07,D12_07,GRADS_4YR_07,GRADS_IEP_07,GRADS_PLUS_07,CERTS_07,GRAD_RT_07
001,001010,A1,Adair County,Adair County High School,16,17,9,19,141,0,9,3,65.89,8,9,9,14,151,0,3,3,76.65,6,4,9,4,149,0,1,2,85.14,6,10,8,3,150,0,1,9,80.21,2,5,9,5,165,0,0,12,83.33
001,001,A1,Adair County,---DISTRICT TOTAL---,16,17,9,19,141,0,9,3,65.89,8,9,9,14,156,0,3,13,73.58,6,4,10,5,158,0,1,2,84.95,6,18,9,3,155,0,1,22,72.43,2,5,9,5,165,0,0,12,83.33
005,005020,A1,Allen County,Allen County-Scottsville High School,14,17,16,6,194,0,9,6,74.05,11,11,6,3,179,0,4,2,82.87,7,12,11,2,185,0,2,3,83.33,5,6,5,5,201,0,1,2,89.33,3,9,5,6,201,1,2,2,88.21
005,005,A1,Allen County,---DISTRICT TOTAL---,14,17,16,6,194,0,9,6,74.05,11,11,6,3,179,0,4,2,82.87,7,12,11,2,185,0,2,3,83.33,5,6,5,5,201,0,1,2,89.33,3,9,5,6,201,1,2,2,88.21
011,011020,A1,Anderson County,Anderson County High School,2,6,11,6,226,1,4,1,88.33,10,12,10,3,228,0,1,1,86.04,9,6,8,11,230,3,1,3,85.98,10,3,6,10,235,0,4,4,86.4,7,6,6,7,252,1,1,2,89.72
011,011,A1,Anderson County,---DISTRICT TOTAL---,2,6,11,6,226,1,4,1,88.33,10,12,10,3,228,0,1,1,86.04,9,6,8,11,230,3,1,3,85.98,10,3,6,10,235,0,4,4,86.4,7,6,6,7,252,1,1,2,89.72
012,012010,A1,Ashland Independent,Paul G Blazer High School,4,10,8,6,184,0,2,1,85.58,4,9,7,9,240,1,4,3,87,3,10,8,13,197,1,2,0,84.62,11,7,9,9,215,0,4,0,84.31,7,7,9,9,198,0,0,1,85.71
012,012,A1,Ashland Independent,---DISTRICT TOTAL---,4,10,8,6,184,0,2,1,85.58,4,9,7,9,240,1,4,3,87,3,10,8,13,197,1,2,0,84.62,11,7,9,11,215,0,4,0,83.66,7,7,15,11,198,0,0,1,82.85
013,013011,A1,Augusta Independent,Augusta Independent School,,,,,,,,,,,,,,,,,,,0,0,0,0,19,0,0,0,100,0,0,0,0,24,0,0,0,100,0,0,0,0,20,0,0,0,100
013,013,A1,Augusta Independent,---DISTRICT TOTAL---,0,0,0,0,16,0,0,0,100,0,0,0,0,24,0,0,0,100,0,0,0,0,19,0,0,0,100,0,0,0,0,24,0,0,0,100,0,0,0,0,20,0,0,0,100
015,015010,A1,Ballard County,Ballard Memorial High School,2,3,1,5,65,1,3,0,82.5,2,6,2,3,94,0,1,0,87.04,2,0,1,2,95,0,2,2,91.35,0,2,1,2,96,0,0,1,94.12,1,3,2,1,82,1,0,0,92.22
015,015,A1,Ballard County,---DISTRICT TOTAL---,2,3,1,5,65,1,3,0,82.5,2,6,2,3,94,0,1,0,87.04,2,0,1,2,95,0,2,2,91.35,0,2,1,2,96,0,0,1,94.12,1,3,2,1,82,1,0,0,92.22
016,016011,A1,Barbourville Independent,Barbourville City School,,,,,,,,,,,,,,,,,,,,,,,,,,,,1,0,0,0,36,0,0,0,97.3,0,0,0,0,40,0,0,0,100
016,016,A1,Barbourville Independent,---DISTRICT TOTAL---,0,0,0,0,44,0,0,0,100,0,0,0,0,53,0,1,0,98.15,0,0,0,0,51,0,0,0,100,1,0,0,0,36,0,0,0,97.3,0,0,0,0,40,0,0,0,100
017,017020,A1,Bardstown Independent,Bardstown High School,4,11,8,1,103,0,2,10,74.1,3,1,3,0,102,0,0,1,92.73,3,3,6,3,75,0,0,14,72.12,4,4,1,3,116,0,0,7,85.93,0,2,3,2,98,1,0,2,91.67
017,017,A1,Bardstown Independent,---DISTRICT TOTAL---,4,11,8,1,103,0,2,10,74.1,3,1,3,0,102,0,0,1,92.73,3,3,6,3,75,0,0,14,72.12,4,4,1,3,116,0,0,7,85.93,0,2,3,2,98,1,0,2,91.67
021,021027,A1,Barren County,Barren County High School,11,10,16,9,218,17,5,2,81.6,7,17,10,6,237,0,7,4,82.29,8,13,17,11,231,0,6,2,80.21,7,9,14,3,228,2,3,1,86.14,6,19,10,9,212,15,0,4,82.55
021,021,A1,Barren County,---DISTRICT TOTAL---,14,13,16,9,218,17,5,2,79.93,10,18,10,6,237,1,7,4,81.23,9,15,17,14,232,0,6,2,78.64,7,9,16,5,230,7,3,1,85.25,10,19,15,11,222,15,0,11,78.22
025,025040,A1,Bath County,Bath County High School,13,10,10,7,89,0,1,1,67.94,5,9,10,2,86,3,2,4,73.55,7,0,2,2,82,0,1,0,87.23,10,6,3,4,114,0,2,0,82.01,9,2,6,7,92,0,0,3,77.31
025,025,A1,Bath County,---DISTRICT TOTAL---,13,11,10,7,89,0,1,1,67.42,7,9,10,2,86,3,2,4,72.36,7,0,2,2,82,0,1,0,87.23,10,6,3,4,114,0,2,0,82.01,9,2,6,7,92,0,0,3,77.31
026,026020,A1,Beechwood Independent,Beechwood High School,0,0,0,0,81,0,1,0,98.78,1,0,0,1,78,0,0,0,97.5,0,0,2,0,87,0,0,0,97.75,0,0,0,1,80,0,1,0,97.56,0,0,0,0,68,0,0,1,98.55
026,026,A1,Beechwood Independent,---DISTRICT TOTAL---,0,0,0,0,81,0,1,0,98.78,1,0,0,1,78,0,0,0,97.5,0,0,2,0,87,0,0,0,97.75,0,0,0,1,80,0,1,0,97.56,0,0,0,0,68,0,0,1,98.55
031,031040,A1,Bell County,Bell County High School,7,9,8,7,167,0,2,1,83.08,10,12,10,9,174,0,8,1,77.68,10,11,6,5,169,2,1,0,83.82,6,12,3,5,174,0,9,4,81.69,8,8,5,1,166,2,1,2,87.05
031,031,A1,Bell County,---DISTRICT TOTAL---,13,24,16,13,171,2,12,1,68.65,10,23,21,15,178,5,19,1,67.28,19,24,11,5,177,9,2,0,75.3,13,15,6,6,180,4,16,9,73.9,14,9,10,1,178,4,3,3,81.98
032,032010,A1,Bellevue Independent,Bellevue High School,1,0,5,1,47,0,0,1,85.45,0,0,2,0,41,2,2,1,89.58,0,1,3,0,53,0,0,1,91.38,1,3,0,0,62,0,0,1,92.54,3,0,0,0,67,0,0,0,95.71
032,032,A1,Bellevue Independent,---DISTRICT TOTAL---,1,0,5,1,47,0,0,1,85.45,0,0,2,0,41,2,2,1,89.58,0,1,3,0,53,0,0,1,91.38,1,3,0,0,62,0,0,1,92.54,3,0,0,0,67,0,0,0,95.71
034,034020,A1,Berea Independent,Berea Community High School,0,3,3,3,61,0,0,1,85.92,0,4,4,3,66,0,0,2,83.54,0,2,4,3,64,1,0,1,86.67,1,1,1,3,71,0,2,0,89.87,0,3,1,1,60,1,0,0,92.42
034,034,A1,Berea Independent,---DISTRICT TOTAL---,0,3,3,3,61,0,0,1,85.92,0,4,4,3,66,0,0,2,83.54,0,2,4,3,64,1,0,1,86.67,1,1,1,3,71,0,2,0,89.87,0,3,1,1,60,1,0,0,92.42
035,035030,A1,Boone County,Boone County High School,9,6,6,2,298,0,2,4,91.13,9,8,2,5,293,0,1,2,91.56,8,6,5,11,294,2,7,1,88.62,7,8,21,9,246,1,5,1,82.89,8,16,15,5,325,0,4,2,86.67
035,035045,A1,Boone County,Conner High School,12,4,9,5,291,0,1,2,89.81,7,5,6,7,252,0,2,2,89.68,7,8,11,13,317,0,3,1,88.06,7,6,18,9,300,0,3,1,87.21,6,12,16,9,354,0,1,0,88.94
035,035071,A1,Boone County,Larry A. Ryle High School,4,12,7,1,310,0,0,1,92.54,5,8,3,4,259,0,2,4,90.88,6,2,8,9,266,0,2,0,90.78,4,14,7,7,293,0,1,1,89.6,5,4,5,0,352,0,0,0,96.17
035,035,A1,Boone County,---DISTRICT TOTAL---,25,22,22,8,899,0,3,7,91.18,21,21,11,16,804,0,5,8,90.74,21,16,24,33,877,2,12,2,89.06,18,28,46,25,839,1,9,3,86.69,19,32,36,14,1031,0,5,2,90.52
041,041110,A1,Bourbon County,Bourbon County High School,0,7,6,5,167,1,1,0,89.84,4,7,9,2,167,0,0,1,87.89,1,4,10,2,161,0,1,0,89.94,4,6,10,2,171,0,0,1,88.14,4,8,3,3,177,3,0,2,90
041,041,A1,Bourbon County,---DISTRICT TOTAL---,0,7,6,5,167,1,1,0,89.84,4,7,9,2,167,0,0,1,87.89,1,4,10,2,161,0,1,0,89.94,4,6,10,2,171,0,0,1,88.14,4,8,3,3,177,3,0,2,90
042,042070,A1,Bowling Green Independent,Bowling Green High School,8,10,3,4,207,1,5,0,87.39,5,8,10,4,199,0,4,1,86.15,4,2,5,2,192,0,2,3,91.43,7,6,5,8,191,1,5,4,84.58,2,7,8,6,214,1,1,2,89.21
042,042,A1,Bowling Green Independent,---DISTRICT TOTAL---,8,10,3,4,207,1,5,0,87.39,5,8,10,4,199,0,4,1,86.15,4,2,5,2,192,0,2,3,91.43,7,6,5,8,191,1,5,4,84.58,2,7,10,6,214,1,1,2,88.48
045,045010,A1,Boyd County,Boyd County High School,3,6,18,5,229,0,3,3,85.77,2,2,8,4,200,0,7,4,88.11,0,5,7,6,214,0,9,3,87.7,5,3,10,6,199,0,7,3,85.41,5,9,5,3,223,0,1,4,89.2
045,045,A1,Boyd County,---DISTRICT TOTAL---,3,6,18,5,229,0,3,3,85.77,2,2,8,4,200,0,7,4,88.11,0,5,7,6,214,0,9,3,87.7,5,3,10,6,199,0,7,3,85.41,5,9,5,3,223,0,1,4,89.2
051,051005,A1,Boyle County,Boyle County High School,8,10,8,10,178,0,2,0,82.41,9,6,4,4,181,0,1,0,88.29,2,2,6,4,205,0,0,0,93.61,3,2,7,6,159,0,0,2,88.83,4,5,6,2,212,0,0,1,92.17
051,051,A1,Boyle County,---DISTRICT TOTAL---,8,10,8,10,178,0,2,0,82.41,9,6,4,4,181,0,1,0,88.29,2,2,6,4,205,0,0,0,93.61,3,2,7,6,159,0,0,2,88.83,4,5,6,2,212,0,0,1,92.17
055,055010,A1,Bracken County,Bracken County High School,2,2,2,1,75,2,0,0,91.67,2,2,5,2,78,1,0,1,86.81,1,1,5,1,88,0,0,4,88,0,2,2,1,86,1,0,0,94.57,2,5,3,4,73,0,3,2,79.35
055,055,A1,Bracken County,---DISTRICT TOTAL---,2,2,2,1,75,2,0,0,91.67,2,2,5,2,78,1,0,1,86.81,1,1,5,1,88,0,0,4,88,0,2,2,1,86,1,0,0,94.57,2,5,3,4,73,0,3,2,79.35
061,061060,A1,Breathitt County,Breathitt County High School,32,43,10,6,109,1,0,20,49.77,29,8,14,9,106,4,0,4,63.22,5,11,7,7,154,0,1,0,83.24,9,5,3,6,114,0,0,4,80.85,3,6,9,3,137,0,0,1,86.16
061,061,A1,Breathitt County,---DISTRICT TOTAL---,32,43,10,6,109,1,0,20,49.77,29,8,14,9,106,4,0,4,63.22,5,11,7,7,154,0,1,0,83.24,9,5,3,6,114,0,0,4,80.85,3,6,9,3,137,0,0,1,86.16
065,065010,A1,Breckinridge County,Breckinridge County High School,17,10,10,9,172,1,0,0,79,4,5,7,7,189,0,0,1,88.73,3,15,10,9,161,8,1,0,81.64,5,4,6,9,179,1,0,3,86.96,3,3,6,2,188,0,0,3,91.71
065,065,A1,Breckinridge County,---DISTRICT TOTAL---,17,10,10,9,172,1,0,0,79,4,5,7,7,189,0,0,1,88.73,3,15,10,9,161,8,1,0,81.64,5,4,6,9,179,1,0,3,86.96,3,3,6,2,188,0,0,3,91.71
071,071015,A1,Bullitt County,Bullitt Central High School,12,6,8,4,232,0,0,2,87.88,11,23,11,4,230,0,0,6,80.7,15,15,4,5,231,0,0,10,82.5,11,8,3,5,228,2,0,18,83.64,5,2,16,8,222,0,0,15,82.84
071,071016,A1,Bullitt County,Bullitt East High School,4,2,1,3,198,0,0,0,95.19,0,2,0,3,189,0,1,0,96.92,1,0,1,1,176,0,0,1,97.78,0,0,3,1,207,0,0,1,97.64,0,3,0,2,174,0,0,7,93.55
071,071075,A1,Bullitt County,North Bullitt High School,7,10,8,5,170,0,8,2,80.95,1,10,8,8,148,0,4,2,81.77,2,5,3,7,165,0,2,1,89.19,3,6,4,7,147,0,11,14,76.56,2,7,11,4,212,0,0,19,83.14
071,071,A1,Bullitt County,---DISTRICT TOTAL---,27,32,27,29,627,0,27,4,81.11,21,42,30,33,599,0,19,8,79.65,27,25,24,34,624,0,18,14,81.46,14,26,25,25,625,2,38,34,79.47,8,23,40,23,656,0,11,44,81.49
072,072010,A1,Burgin Independent,Burgin High School,1,3,0,0,21,0,0,0,84,2,0,1,0,29,0,1,0,87.88,0,0,1,1,23,0,0,1,88.46,1,1,0,0,35,0,0,0,94.59,0,0,1,0,28,0,0,0,96.55
072,072,A1,Burgin Independent,---DISTRICT TOTAL---,1,3,0,0,21,0,0,0,84,2,0,1,0,29,0,1,0,87.88,0,0,1,1,23,0,0,1,88.46,1,1,0,0,35,0,0,0,94.59,0,0,1,0,28,0,0,0,96.55
075,075030,A1,Butler County,Butler County High School,4,7,4,1,136,0,0,2,88.31,11,5,1,4,126,0,0,3,84,2,4,3,4,128,0,0,0,90.78,0,3,3,7,137,1,1,0,90.79,1,4,4,3,142,0,1,0,91.61
075,075,A1,Butler County,---DISTRICT TOTAL---,4,7,4,1,141,0,0,2,88.68,11,5,1,4,130,0,0,3,84.42,2,4,3,4,131,0,0,0,90.97,0,3,3,8,142,1,1,3,88.82,1,4,4,4,153,0,1,0,91.62
081,081010,A1,Caldwell County,Caldwell County High School,8,7,2,6,146,0,2,0,85.38,1,3,1,4,130,1,2,1,91.61,4,5,3,6,130,0,1,2,86.09,4,1,4,3,141,1,3,1,89.87,3,6,1,4,124,0,1,3,87.32
081,081,A1,Caldwell County,---DISTRICT TOTAL---,8,7,2,6,146,0,2,0,85.38,1,3,1,4,130,1,2,1,91.61,4,5,3,6,130,0,1,2,86.09,4,1,4,3,141,1,3,1,89.87,3,6,1,4,124,0,1,3,87.32
085,085020,A1,Calloway County,Calloway County High School,1,2,7,7,189,0,2,2,90,1,1,4,6,210,0,1,5,92.11,0,1,3,11,222,0,6,1,90.98,1,0,0,7,187,15,0,2,95.28,0,0,4,3,207,0,2,3,94.52
085,085,A1,Calloway County,---DISTRICT TOTAL---,1,2,7,7,189,0,2,2,90,1,1,4,6,210,0,1,5,92.11,0,1,3,11,222,0,6,1,90.98,1,0,0,7,187,15,0,2,95.28,0,0,4,3,207,0,2,3,94.52
091,091100,A1,Campbell County,Campbell County High School,14,14,14,10,303,0,1,0,85.11,14,5,12,15,316,0,12,6,83.16,11,10,10,6,314,3,11,4,85.91,12,4,4,8,299,0,14,8,85.67,9,2,7,8,308,0,5,4,89.8
091,091,A1,Campbell County,---DISTRICT TOTAL---,14,14,14,10,303,0,1,0,85.11,14,5,12,15,316,0,12,6,83.16,11,10,10,6,314,3,11,4,85.91,12,4,4,8,299,0,14,8,85.67,10,2,7,9,308,0,5,4,89.28
092,092020,A1,Campbellsville Independent,Campbellsville High School,0,2,14,5,76,0,3,0,76,2,4,9,3,72,0,1,0,79.12,1,2,8,2,80,0,5,2,80,1,4,3,2,82,0,0,0,89.13,0,3,1,3,61,6,0,0,90.54
092,092,A1,Campbellsville Independent,---DISTRICT TOTAL---,0,2,14,5,76,0,3,0,76,2,4,9,3,72,0,1,0,79.12,1,2,8,2,80,0,5,2,80,1,4,3,2,82,0,0,0,89.13,0,3,1,3,61,6,0,0,90.54
095,095040,A1,Carlisle County,Carlisle County High School,3,2,0,0,58,0,3,0,87.88,1,3,4,0,49,0,2,0,83.05,0,3,1,1,51,0,0,0,91.07,4,3,0,1,45,1,0,0,85.19,2,1,2,6,51,0,0,1,80.95
095,095,A1,Carlisle County,---DISTRICT TOTAL---,3,2,0,0,58,0,3,0,87.88,1,3,4,0,49,0,2,0,83.05,0,3,1,1,51,0,0,0,91.07,4,3,0,1,45,1,0,0,85.19,2,1,2,6,51,0,0,1,80.95
101,101018,A1,Carroll County,Carroll County High School,9,6,9,6,89,0,5,0,71.77,5,3,5,7,82,0,2,2,77.36,2,4,4,5,106,1,0,1,86.99,4,6,1,2,94,0,2,1,85.45,2,2,1,1,113,0,0,3,92.62
101,101,A1,Carroll County,---DISTRICT TOTAL---,9,6,10,8,89,0,5,0,70.08,5,3,5,7,82,0,2,2,77.36,2,4,4,6,106,1,0,1,86.29,4,6,1,2,94,0,2,1,85.45,2,3,3,1,113,0,0,3,90.4
105,105120,A1,Carter County,East Carter County High School,8,7,3,4,137,11,0,0,87.06,4,4,10,7,115,6,0,1,82.31,5,8,6,9,132,7,2,3,80.81,7,5,10,8,148,0,1,4,80.87,0,3,4,2,143,0,0,4,91.67
105,105500,A1,Carter County,West Carter County High School,12,7,7,3,125,0,0,1,80.65,4,3,1,5,110,0,2,0,88,4,3,7,7,107,0,0,5,80.45,5,8,3,4,138,0,1,0,86.79,3,6,6,2,127,0,0,3,86.39
105,105,A1,Carter County,---DISTRICT TOTAL---,20,14,10,7,262,11,0,1,84,8,7,11,12,225,6,2,1,84.93,9,11,13,16,239,7,2,8,80.66,12,13,13,12,286,0,2,4,83.63,3,9,10,4,270,0,0,7,89.11
111,111045,A1,Casey County,Casey County High School,3,10,6,6,134,0,0,4,82.21,5,16,6,4,143,0,0,0,82.18,5,11,11,4,140,0,0,0,81.87,3,5,6,5,137,0,0,0,87.82,2,5,7,4,155,0,3,0,88.07
111,111,A1,Casey County,---DISTRICT TOTAL---,3,10,6,6,134,0,0,4,82.21,5,16,6,4,143,0,0,0,82.18,5,11,11,4,140,0,0,0,81.87,3,5,6,5,137,0,0,0,87.82,2,5,7,4,155,0,3,0,88.07
113,113030,A1,Caverna Independent,Caverna High School,4,2,3,1,41,0,0,1,78.85,3,4,0,2,57,0,0,0,86.36,3,2,2,3,52,0,0,1,82.54,0,0,1,4,51,0,0,0,91.07,2,2,2,1,40,0,0,0,85.11
113,113,A1,Caverna Independent,---DISTRICT TOTAL---,4,2,3,1,41,0,0,1,78.85,3,4,0,2,57,0,0,0,86.36,3,2,2,3,52,0,0,1,82.54,0,0,1,4,51,0,0,0,91.07,2,2,2,1,40,0,0,0,85.11
115,115030,A1,Christian County,Christian County High School,28,12,10,6,257,0,17,1,77.64,14,15,20,2,283,1,6,2,82.8,12,9,15,9,212,37,3,5,82.45,5,11,15,28,257,0,3,0,80.56,7,19,14,12,266,0,9,4,80.36
115,115050,A1,Christian County,Hopkinsville High School,14,10,5,1,218,0,4,0,86.51,8,9,5,7,217,16,13,0,84.73,12,12,12,6,200,0,7,1,80,4,14,3,1,164,0,3,0,86.77,14,14,8,5,215,0,3,1,82.69
115,115,A1,Christian County,---DISTRICT TOTAL---,64,42,23,10,475,0,21,1,74.69,46,35,30,15,500,17,19,2,77.86,30,25,34,15,412,37,10,6,78.91,13,31,18,31,421,0,6,0,80.96,25,33,22,21,481,0,12,5,80.3
121,121030,A1,Clark County,George Rogers Clark High School,25,32,17,20,280,0,7,2,73.11,13,30,33,15,261,0,3,2,73.11,26,32,18,21,272,0,4,3,72.34,21,18,16,29,297,0,7,4,75.77,19,16,18,16,342,6,8,6,80.74
121,121,A1,Clark County,---DISTRICT TOTAL---,41,35,21,20,280,0,7,2,68.97,19,35,36,15,261,0,3,2,70.35,33,35,18,21,272,0,4,3,70.47,27,18,18,30,297,0,7,4,74.06,21,18,20,16,342,6,8,6,79.63
125,125100,A1,Clay County,Clay County High School,54,33,15,12,190,0,4,1,61.49,35,24,18,13,176,0,4,0,65.19,27,18,15,19,193,0,6,0,69.42,19,22,10,8,194,0,0,0,76.68,14,19,11,7,217,0,0,2,80.37
125,125,A1,Clay County,---DISTRICT TOTAL---,59,39,22,12,190,0,4,1,58.1,40,32,21,13,176,0,4,0,61.54,33,20,18,21,193,0,6,0,66.32,24,24,14,8,198,1,0,0,73.98,20,24,14,7,217,0,0,2,76.41
131,131050,A1,Clinton County,Clinton County High School,7,7,4,2,64,0,2,0,74.42,8,6,7,8,87,0,0,0,75,6,9,6,2,83,1,0,4,75.68,3,12,4,0,76,0,0,3,77.55,9,5,1,1,96,0,0,1,84.96
131,131,A1,Clinton County,---DISTRICT TOTAL---,7,7,4,2,64,0,2,0,74.42,8,6,7,8,87,0,0,0,75,6,9,6,2,83,1,0,4,75.68,3,12,4,0,76,0,0,3,77.55,9,5,1,1,96,0,0,1,84.96
132,132010,A1,Cloverport Independent,Frederick Fraize High School,0,0,0,0,19,3,0,0,100,1,0,0,0,13,0,0,0,92.86,0,0,0,0,20,0,0,1,95.24,0,0,0,1,14,0,0,0,93.33,0,0,0,0,16,4,0,0,100
132,132,A1,Cloverport Independent,---DISTRICT TOTAL---,0,0,0,0,19,3,0,0,100,1,0,0,0,13,0,0,0,92.86,0,0,0,0,20,0,0,1,95.24,0,0,0,1,14,0,0,0,93.33,0,0,0,0,16,4,0,0,100
133,133040,A1,Corbin Independent,Corbin High School,0,1,6,0,158,0,0,3,94.05,0,4,2,5,157,0,1,0,92.9,3,0,0,2,151,0,0,1,96.18,2,2,0,0,161,0,0,0,97.58,1,0,0,0,154,0,0,4,96.86
133,133,A1,Corbin Independent,---DISTRICT TOTAL---,2,5,6,0,158,0,0,3,90.8,4,4,2,5,157,0,1,0,90.75,3,0,0,2,151,0,0,1,96.18,2,2,0,0,161,0,0,0,97.58,1,0,0,0,154,0,0,4,96.86
134,134AAA,A1,Covington Independent,Covington Independent JOINT-A0612,,,,,,,,,,,,,,,,,,,,,,,,,,,,,,,,,,,,,3,5,4,5,161,0,0,3,88.95
134,134,A1,Covington Independent,---DISTRICT TOTAL---,5,10,3,1,183,11,1,4,88.99,4,3,0,1,189,0,1,1,94.97,4,1,1,0,189,0,0,0,96.92,6,2,4,2,155,0,0,5,89.08,3,5,4,5,161,0,0,3,88.95
135,135020,A1,Crittenden County,Crittenden County High School,2,2,5,1,98,0,1,0,89.91,3,0,6,2,87,4,1,2,86.67,2,3,4,2,80,0,1,1,86.02,0,7,3,2,99,0,0,1,88.39,8,3,3,2,75,0,0,0,82.42
135,135,A1,Crittenden County,---DISTRICT TOTAL---,2,2,5,1,98,0,1,0,89.91,3,0,6,2,87,4,1,2,86.67,2,3,4,2,80,0,1,1,86.02,0,7,3,2,99,0,0,1,88.39,8,3,3,2,75,0,0,0,82.42
141,141080,A1,Cumberland County,Cumberland County High School,10,9,5,2,76,0,1,2,72.38,7,6,5,3,50,0,0,3,67.57,2,7,2,2,60,0,0,0,82.19,4,4,8,1,68,0,0,0,80,3,10,6,3,73,0,0,1,76.04
141,141,A1,Cumberland County,---DISTRICT TOTAL---,10,9,5,2,76,0,1,2,72.38,7,6,5,3,50,0,0,3,67.57,2,7,2,2,60,0,0,0,82.19,4,4,8,1,68,0,0,0,80,3,10,6,3,73,0,0,1,76.04
143,143030,A1,Danville Independent,Danville High School,2,6,2,4,98,0,0,3,85.22,8,7,4,2,93,0,0,1,80.87,1,6,6,2,88,0,0,3,83.02,4,6,2,3,113,0,0,0,88.28,1,2,2,2,111,0,0,0,94.07
143,143,A1,Danville Independent,---DISTRICT TOTAL---,2,6,2,4,98,0,0,3,85.22,8,7,4,2,93,0,0,1,80.87,1,6,6,2,88,0,0,3,83.02,4,6,2,3,113,0,0,0,88.28,1,2,2,2,111,0,0,0,94.07
145,145005,A1,Daviess County,Apollo High School,0,6,2,2,291,1,1,7,94.19,2,1,4,0,296,0,0,10,94.57,2,0,0,2,301,0,0,6,96.78,0,1,1,1,290,0,0,6,96.99,1,1,3,2,298,0,0,11,94.3
145,145010,A1,Daviess County,Daviess County High School,4,2,4,1,350,0,0,0,96.95,4,3,1,0,347,0,0,0,97.75,3,1,2,0,392,0,0,0,98.49,1,0,4,0,346,0,0,0,98.58,2,2,6,1,362,0,0,0,97.05
145,145,A1,Daviess County,---DISTRICT TOTAL---,17,18,19,10,736,1,5,7,90.65,11,13,8,15,710,1,10,10,91.39,6,5,13,12,756,0,0,6,94.74,1,5,9,19,696,0,10,7,93.17,5,7,21,14,738,0,1,11,92.6
146,146020,A1,Dawson Springs Independent,Dawson Springs High School,2,2,2,1,32,0,1,0,80,2,3,3,0,55,0,0,1,85.94,2,1,2,0,34,0,1,2,80.95,0,5,2,1,39,0,0,0,82.98,0,1,0,1,31,0,3,3,79.49
146,146,A1,Dawson Springs Independent,---DISTRICT TOTAL---,2,2,2,1,32,0,1,0,80,2,3,3,0,55,0,0,1,85.94,2,1,2,0,34,0,1,2,80.95,0,5,2,1,39,0,0,0,82.98,0,1,0,1,31,0,3,3,79.49
147,147010,A1,Dayton Independent,Dayton High School,12,4,6,1,36,0,6,2,53.73,6,3,2,4,54,1,0,1,77.46,6,1,2,2,45,1,2,0,77.97,3,1,4,0,67,0,0,0,89.33,0,0,0,0,64,0,0,0,100
147,147,A1,Dayton Independent,---DISTRICT TOTAL---,12,4,6,1,36,0,6,2,53.73,6,3,2,4,54,1,0,1,77.46,6,1,2,2,45,1,2,0,77.97,3,1,4,0,67,0,0,0,89.33,0,0,0,0,64,0,0,0,100
151,151060,A1,Edmonson County,Edmonson County High School,3,14,6,3,138,0,1,0,83.64,4,7,5,7,109,0,2,0,81.34,7,8,3,6,123,0,4,0,81.46,3,8,8,6,118,0,1,1,81.38,5,9,2,1,139,0,3,2,86.34
151,151,A1,Edmonson County,---DISTRICT TOTAL---,3,14,6,3,138,0,1,0,83.64,4,7,5,7,109,0,2,0,81.34,7,8,3,6,123,0,4,0,81.46,3,8,8,6,118,0,1,1,81.38,5,9,2,1,139,0,3,2,86.34
152,152010,A1,Elizabethtown Independent,Elizabethtown High School,2,9,7,3,167,0,6,2,85.2,5,10,4,1,140,0,3,1,85.37,5,8,0,4,165,0,0,7,87.3,6,2,8,0,170,0,0,3,89.95,4,7,3,1,139,0,0,6,86.88
152,152,A1,Elizabethtown Independent,---DISTRICT TOTAL---,2,9,7,3,167,0,6,2,85.2,5,10,4,1,140,0,3,1,85.37,5,8,0,4,165,0,0,7,87.3,6,2,8,0,170,0,0,3,89.95,4,7,3,1,139,0,0,6,86.88
155,155280,A1,Elliott County,Elliott County High School,5,4,1,7,76,0,2,2,78.35,1,8,3,4,61,0,0,0,79.22,4,7,10,4,79,0,0,0,75.96,2,5,4,3,59,0,0,4,76.62,5,4,2,1,69,0,0,0,85.19
155,155,A1,Elliott County,---DISTRICT TOTAL---,5,4,1,7,76,0,2,2,78.35,1,8,3,4,61,0,0,0,79.22,4,7,10,4,79,0,0,0,75.96,2,5,4,3,59,0,0,4,76.62,5,4,2,1,69,0,0,0,85.19
156,156AAA,A1,Eminence Independent,Eminence Independent JOINT-A0012,0,2,1,0,18,0,0,0,85.71,3,0,1,0,32,0,0,0,88.89,1,0,1,0,35,0,0,0,94.59,0,3,1,0,26,0,0,0,86.67,0,0,1,0,28,0,0,0,96.55
156,156,A1,Eminence Independent,---DISTRICT TOTAL---,0,2,1,0,18,0,0,0,85.71,3,0,1,0,32,0,0,0,88.89,1,0,1,0,35,0,0,0,94.59,0,3,1,0,26,0,0,0,86.67,0,0,1,0,28,0,0,0,96.55
157,157030,A1,Erlanger-Elsmere Independent,Lloyd High School,2,6,3,2,94,0,0,1,87.04,6,5,3,1,117,0,0,1,87.97,3,0,1,1,103,0,1,4,91.15,4,3,1,3,106,0,3,1,87.6,0,2,2,4,114,3,3,2,90
157,157,A1,Erlanger-Elsmere Independent,---DISTRICT TOTAL---,2,6,3,2,94,0,0,1,87.04,6,5,3,1,117,0,0,1,87.97,3,0,1,1,103,0,1,4,91.15,4,3,1,3,106,0,3,1,87.6,0,2,2,4,114,3,3,2,90
161,161090,A1,Estill County,Estill County High School,14,20,8,4,142,0,4,1,73.58,12,16,7,3,152,2,2,1,78.97,8,9,4,0,120,1,1,3,82.88,4,8,2,2,133,0,4,12,80.61,3,2,1,2,145,0,2,2,92.36
161,161,A1,Estill County,---DISTRICT TOTAL---,14,20,8,4,142,0,4,1,73.58,12,16,7,3,152,2,2,1,78.97,8,9,4,0,120,1,1,3,82.88,4,8,2,2,133,0,4,12,80.61,3,2,1,2,145,0,2,2,92.36
162,162020,A1,Fairview Independent,Fairview High School,1,4,1,0,43,0,0,0,87.76,0,4,0,0,48,0,0,0,92.31,1,2,2,2,55,0,1,0,87.3,0,0,1,0,61,0,0,0,98.39,0,2,0,0,60,0,0,0,96.77
162,162,A1,Fairview Independent,---DISTRICT TOTAL---,1,4,1,0,43,0,0,0,87.76,0,4,0,0,48,0,0,0,92.31,1,2,2,2,55,0,1,0,87.3,0,0,1,0,61,0,0,0,98.39,0,2,0,0,60,0,0,0,96.77
165,165039,A1,Fayette County,Henry Clay High School,18,12,19,14,325,2,37,0,76.58,23,15,18,11,353,1,8,1,82.33,15,26,8,9,323,2,12,1,82.07,8,23,8,13,380,1,2,5,86.59,22,15,12,16,432,0,12,0,84.87
165,165060,A1,Fayette County,Lafayette High School,36,27,10,14,373,0,7,4,79.19,44,20,14,25,384,5,14,2,76.57,20,37,21,13,398,1,20,1,78.08,30,13,13,9,435,0,3,6,85.46,42,16,17,7,430,2,13,4,81.36
165,165105,A1,Fayette County,Tates Creek High School,71,20,17,6,336,8,19,3,71.67,37,12,14,7,327,9,4,1,81.75,21,18,6,3,343,0,8,8,84.28,21,12,10,5,338,0,4,0,86.67,30,16,6,5,316,7,4,1,83.9
165,165170,A1,Fayette County,Bryan Station High School,35,26,19,12,220,2,25,11,63.43,58,41,24,11,255,5,9,5,63.73,44,34,15,6,237,18,17,7,67.46,43,14,6,4,220,2,12,7,72.08,45,19,12,6,236,4,8,3,72.07
165,165200,A1,Fayette County,Paul Laurence Dunbar High School,21,16,5,16,406,0,8,4,85.29,27,17,9,3,464,4,23,2,85.25,16,25,9,6,496,1,7,1,88.59,22,13,10,4,468,4,10,8,87.57,18,18,6,3,497,4,12,5,88.99
165,165,A1,Fayette County,---DISTRICT TOTAL---,181,101,79,77,1660,12,96,22,75.04,189,139,91,72,1783,24,58,11,76.34,142,162,82,72,1797,22,64,18,77.11,167,125,76,64,1841,7,31,26,79.08,198,104,82,82,1911,17,49,13,78.5
171,171035,A1,Fleming County,Fleming County High School,15,6,11,2,135,2,2,1,78.74,9,10,8,9,129,0,8,1,74.14,8,8,8,2,132,1,4,0,81.6,9,7,5,3,152,2,6,3,82.35,12,12,2,0,147,1,3,2,82.68
171,171,A1,Fleming County,---DISTRICT TOTAL---,15,6,11,2,135,2,2,1,78.74,9,10,8,9,129,0,8,1,74.14,8,8,8,2,132,1,4,0,81.6,9,7,5,3,152,2,6,3,82.35,12,12,2,0,147,1,3,2,82.68
175,175025,A1,Floyd County,Allen Central High School,4,6,4,4,81,0,4,0,78.64,12,6,6,2,69,0,1,1,71.13,6,7,5,2,68,0,1,2,74.73,2,3,2,3,90,1,0,0,90.1,0,1,2,1,80,1,0,0,95.29
175,175110,A1,Floyd County,Betsy Layne High School,11,13,11,2,103,0,3,2,71.03,15,12,4,3,92,0,4,2,69.7,18,7,4,1,102,0,3,0,75.56,6,3,6,4,98,2,1,3,81.3,0,1,7,2,67,0,0,2,84.81
175,175150,A1,Floyd County,South Floyd High School,1,6,5,1,69,0,0,2,82.14,3,4,1,0,76,0,1,0,89.41,1,1,0,1,88,0,0,1,95.65,1,2,0,3,62,0,0,0,91.18,0,2,0,1,69,0,0,3,92
175,175850,A1,Floyd County,Prestonsburg High School,1,9,8,6,128,0,2,1,82.58,5,6,7,6,125,0,3,3,80.65,4,6,8,4,120,0,2,4,81.08,4,2,6,8,114,0,0,0,85.07,1,12,8,1,145,0,0,0,86.83
175,175,A1,Floyd County,---DISTRICT TOTAL---,18,36,33,16,395,0,21,5,75.38,36,32,24,11,362,0,9,6,75.42,30,30,17,10,405,0,11,7,79.41,15,10,20,26,397,3,4,3,83.68,1,20,23,14,376,1,3,5,85.1
176,176010,A1,Fort Thomas Independent,Highlands High School,0,0,3,2,180,0,1,0,96.77,1,1,4,1,199,1,0,3,95.24,0,0,0,3,190,0,1,3,96.45,0,3,0,2,185,0,2,0,96.35,1,0,1,1,186,0,0,1,97.89
176,176,A1,Fort Thomas Independent,---DISTRICT TOTAL---,0,0,3,2,180,0,1,0,96.77,1,1,4,1,199,1,0,3,95.24,0,0,0,3,190,0,1,3,96.45,0,3,0,2,185,0,2,0,96.35,1,0,1,1,186,0,0,1,97.89
177,177070,A1,Frankfort Independent,Frankfort High School,2,11,1,0,62,0,1,0,80.52,3,0,2,0,54,0,1,0,90,1,1,1,1,75,1,0,0,95,2,1,3,2,70,2,1,1,87.8,2,0,0,0,72,0,0,0,97.3
177,177,A1,Frankfort Independent,---DISTRICT TOTAL---,2,11,1,1,68,0,2,0,80,3,0,3,3,59,0,3,0,83.1,1,1,1,2,81,1,0,0,94.25,3,4,4,3,71,2,3,1,80.22,4,0,0,2,77,0,0,0,92.77
181,181040,A1,Franklin County,Franklin County High School,18,14,10,13,168,0,7,2,72.41,17,7,13,9,198,0,1,1,80.49,17,15,13,5,161,0,4,2,74.19,10,7,7,9,197,3,6,1,83.33,21,9,6,3,183,5,7,10,77.05
181,181070,A1,Franklin County,Western Hills High School,8,10,8,3,168,0,1,1,84.42,10,1,10,7,161,0,7,5,80.1,0,7,4,5,134,0,8,3,83.23,6,6,5,4,136,0,1,1,85.53,5,13,4,1,151,0,6,2,82.97
181,181,A1,Franklin County,---DISTRICT TOTAL---,26,24,19,16,336,0,8,3,77.78,27,10,23,16,359,0,8,6,79.96,19,22,17,10,295,0,12,5,77.63,16,13,12,13,333,3,7,2,84.21,26,22,10,4,334,5,13,12,79.58
185,185030,A1,Fulton County,Fulton County High School,0,2,1,1,51,0,5,0,85,2,3,0,1,39,0,2,1,81.25,1,1,1,0,54,0,1,0,93.1,1,6,0,2,51,0,0,0,85,1,4,1,1,56,0,0,1,87.5
185,185,A1,Fulton County,---DISTRICT TOTAL---,0,2,1,1,51,0,5,0,85,3,3,0,1,39,0,2,1,79.59,3,1,1,0,54,0,1,0,90,1,6,0,2,51,0,0,0,85,1,4,1,1,56,0,0,1,87.5
186,186020,A1,Fulton Independent,Fulton City High School,,,,,,,,,,,,,,,,,,,0,0,1,3,36,0,0,0,90,0,1,0,2,22,0,0,1,84.62,1,0,1,0,34,0,0,0,94.44
186,186,A1,Fulton Independent,---DISTRICT TOTAL---,0,3,2,0,37,0,0,1,86.05,0,3,2,0,25,0,0,0,83.33,0,0,1,3,36,0,0,0,90,0,1,0,2,22,0,0,1,84.62,1,0,1,0,34,0,0,0,94.44
191,191020,A1,Gallatin County,Gallatin County High School,7,9,0,1,50,0,0,1,73.53,4,4,2,0,70,0,2,0,85.37,5,4,0,0,80,0,1,0,88.89,1,6,1,1,79,0,1,2,86.81,8,1,8,5,70,0,2,0,74.47
191,191,A1,Gallatin County,---DISTRICT TOTAL---,7,9,0,1,50,0,0,1,73.53,4,4,2,0,70,0,2,0,85.37,5,4,0,0,80,0,1,0,88.89,1,6,1,1,79,0,1,2,86.81,8,1,8,5,70,0,2,0,74.47
195,195060,A1,Garrard County,Garrard County High School,13,11,4,9,139,0,4,2,76.37,7,5,3,4,144,0,1,1,87.27,6,5,9,6,111,0,1,2,79.29,1,8,7,2,122,1,2,2,84.83,11,12,5,4,139,0,3,1,79.43
195,195,A1,Garrard County,---DISTRICT TOTAL---,13,14,5,11,142,0,5,2,73.96,8,9,4,5,144,0,1,1,83.72,8,10,10,6,111,0,1,2,75,3,9,7,2,122,1,2,2,83.11,11,12,5,4,139,0,3,1,79.43
197,197030,A1,Glasgow Independent,Glasgow High School,9,7,6,6,109,0,1,0,78.99,5,5,4,6,116,2,0,0,85.51,1,3,4,7,119,0,3,1,86.23,5,3,5,1,90,0,0,0,86.54,3,3,4,11,115,0,2,1,82.73
197,197,A1,Glasgow Independent,---DISTRICT TOTAL---,9,7,6,6,109,0,1,0,78.99,5,5,4,6,116,2,0,0,85.51,1,3,4,7,119,0,3,1,86.23,5,3,5,1,90,0,0,0,86.54,3,3,4,11,115,0,2,1,82.73
201,201040,A1,Grant County,Grant County High School,32,12,8,4,212,0,2,0,78.52,11,12,16,8,164,0,4,2,75.58,10,18,18,4,212,0,2,3,79.4,16,24,12,10,222,1,5,0,76.9,17,8,13,9,197,2,5,0,79.28
201,201,A1,Grant County,---DISTRICT TOTAL---,32,12,8,4,212,0,2,0,78.52,11,12,16,8,164,0,4,2,75.58,10,18,18,4,212,0,2,3,79.4,16,26,12,10,222,1,5,0,76.37,20,8,13,9,197,2,5,0,78.35
205,205215,A1,Graves County,Graves County High School,19,6,7,6,250,0,5,1,85.03,15,9,3,5,232,12,0,0,88.41,4,7,11,3,263,0,10,1,87.96,14,14,4,4,272,0,5,1,86.62,13,9,5,3,308,0,21,2,85.32
205,205,A1,Graves County,---DISTRICT TOTAL---,19,6,7,6,250,0,29,1,78.62,15,9,3,5,232,12,32,0,79.22,4,7,11,3,264,0,10,1,88,14,14,4,4,273,0,5,1,86.67,13,9,5,4,309,0,21,2,85.12
211,211085,A1,Grayson County,Grayson County High School,15,20,28,5,270,0,7,1,78.03,8,6,11,0,249,0,2,0,90.22,9,10,16,5,239,0,2,3,84.15,9,8,19,1,266,0,4,0,86.64,13,5,4,9,231,0,9,1,84.93
211,211,A1,Grayson County,---DISTRICT TOTAL---,15,20,28,5,270,0,7,1,78.03,8,6,11,0,249,0,2,0,90.22,9,10,16,5,239,0,2,3,84.15,9,8,19,1,266,0,4,0,86.64,17,5,4,9,231,0,9,1,83.7
215,215065,A1,Green County,Green County High School,2,3,2,0,107,0,2,1,91.45,3,2,0,0,117,0,1,0,95.12,0,0,0,3,112,0,0,4,94.12,0,0,2,2,112,0,1,0,95.73,0,0,0,3,120,0,1,2,95.24
215,215,A1,Green County,---DISTRICT TOTAL---,2,3,2,0,107,0,2,1,91.45,3,2,0,0,117,0,1,0,95.12,0,0,0,3,112,0,0,4,94.12,0,0,2,2,112,0,1,0,95.73,0,0,0,3,120,0,1,2,95.24
221,221027,A1,Greenup County,Greenup County High School,15,17,16,8,190,3,2,0,76.89,6,11,11,13,168,0,2,1,79.25,14,3,15,6,182,1,1,6,80.26,6,11,8,4,181,0,3,5,83.03,10,6,8,3,198,0,6,1,85.34
221,221,A1,Greenup County,---DISTRICT TOTAL---,15,17,16,8,190,3,2,0,76.89,6,11,11,13,168,0,2,1,79.25,14,3,15,6,182,1,1,6,80.26,6,11,8,4,181,0,3,5,83.03,10,6,8,3,198,0,6,1,85.34
225,225005,A1,Hancock County,Hancock County High School,1,0,0,0,83,0,0,1,97.65,0,0,0,0,87,0,0,0,100,0,0,0,0,104,0,1,1,98.11,0,1,0,1,100,0,0,0,98.04,0,0,2,2,95,0,0,0,95.96
225,225,A1,Hancock County,---DISTRICT TOTAL---,1,0,0,0,83,0,0,1,97.65,0,0,0,0,87,0,0,0,100,0,0,0,0,104,0,1,1,98.11,0,1,0,1,100,0,0,0,98.04,0,0,2,2,95,0,0,0,95.96
231,231013,A1,Hardin County,John Hardin High School,,,,,,,,,,,,,,,,,,,4,8,15,9,258,0,13,4,82.96,6,16,9,6,312,0,8,13,84.32,9,11,5,2,283,0,8,7,87.08
231,231075,A1,Hardin County,North Hardin High School,16,25,29,35,332,3,8,2,74.44,14,15,25,18,292,2,13,6,76.36,7,12,29,24,259,1,5,3,76.47,16,22,29,9,268,0,11,18,71.85,14,22,14,9,292,2,8,17,77.78
231,231190,A1,Hardin County,Central Hardin High School,16,19,18,19,289,0,1,3,79.18,14,16,17,11,324,2,14,1,81.7,6,15,25,12,314,0,8,5,81.56,5,18,13,9,311,0,16,25,78.34,12,21,8,2,336,0,8,15,83.58
231,231,A1,Hardin County,---DISTRICT TOTAL---,32,44,56,64,872,4,9,11,80.22,28,38,55,34,840,4,35,7,81.08,17,35,69,45,831,1,26,12,80.31,27,56,51,24,891,0,35,56,78.16,35,54,27,13,911,2,24,39,82.62
235,235190,A1,Harlan County,Cumberland High School,,,,,,,,,,,,,,,,,,,,,,,,,,,,,,,,,,,,,,,,,,,,,
235,235260,A1,Harlan County,Evarts High School,,,,,,,,,,11,12,8,1,75,0,0,0,70.09,11,10,9,0,67,0,0,1,68.37,21,10,7,10,76,0,1,1,60.32,7,12,11,2,73,0,0,1,68.87
235,235385,A1,Harlan County,James A Cawood High School,12,19,10,13,163,0,3,4,72.77,17,16,8,11,130,0,4,5,68.06,16,15,7,5,126,0,3,7,70.39,12,20,4,11,139,0,6,1,72.02,11,12,24,18,100,0,0,3,59.52
235,235,A1,Harlan County,---DISTRICT TOTAL---,27,34,20,19,327,0,6,5,74.66,32,37,19,15,261,0,7,5,69.41,29,31,24,5,259,0,4,8,71.94,35,41,12,22,280,0,8,2,70,23,28,39,25,241,0,2,4,66.57
236,236AAA,A1,Harlan Independent,Harlan Independent JOINT-A0E12,4,3,4,4,51,0,2,0,75,2,0,1,1,61,0,0,1,92.42,2,0,2,0,53,0,0,1,91.38,2,2,2,4,40,0,0,0,80,1,3,1,4,57,0,0,0,86.36
236,236,A1,Harlan Independent,---DISTRICT TOTAL---,4,3,4,4,51,0,2,0,75,2,0,1,1,61,0,0,1,92.42,2,0,2,0,53,0,0,1,91.38,2,2,2,4,40,0,0,0,80,1,3,1,4,57,0,0,0,86.36
241,241040,A1,Harrison County,Harrison County High School,7,11,7,2,207,1,3,0,87.39,8,9,2,3,204,2,0,0,90.35,10,9,8,6,231,0,0,0,87.5,2,2,9,3,187,0,0,0,92.12,3,8,2,5,211,0,0,1,91.74
241,241,A1,Harrison County,---DISTRICT TOTAL---,7,11,7,2,210,1,3,0,87.55,8,9,2,3,204,2,0,0,90.35,10,9,8,6,231,0,0,0,87.5,2,2,9,3,187,0,0,0,92.12,3,8,2,5,216,0,0,1,91.91
245,245045,A1,Hart County,Hart County High School,4,5,11,4,140,0,0,2,84.34,6,8,5,11,153,0,1,1,82.7,,,,,,,,,,,,,,,,,,,,,,,,,,,
245,245,A1,Hart County,---DISTRICT TOTAL---,4,5,11,4,140,0,0,2,84.34,6,8,5,11,153,0,1,1,82.7,7,6,5,9,158,0,0,1,84.95,6,9,2,5,148,0,0,2,86.05,14,10,8,9,156,0,0,4,77.61
246,246010,A1,Hazard Independent,Hazard High School,1,4,3,0,77,0,1,2,87.5,1,0,0,0,75,0,0,0,98.68,0,0,0,0,67,0,0,0,100,0,0,0,0,68,0,0,1,98.55,0,0,0,1,68,0,1,0,97.14
246,246,A1,Hazard Independent,---DISTRICT TOTAL---,1,4,3,0,77,0,1,2,87.5,1,0,0,0,75,0,0,0,98.68,0,0,0,0,67,0,0,0,100,0,0,0,0,68,0,0,1,98.55,0,0,0,1,68,0,1,0,97.14
251,251060,A1,Henderson County,Henderson County High School,18,59,33,29,424,0,3,6,74.13,10,40,42,15,448,1,0,0,80.76,8,39,33,16,407,38,0,5,81.5,11,9,19,17,410,0,6,6,85.77,12,14,21,10,433,0,0,5,87.47
251,251,A1,Henderson County,---DISTRICT TOTAL---,18,59,33,29,424,0,3,6,74.13,10,40,42,17,448,1,0,0,80.47,8,39,34,16,412,38,1,5,81.37,11,12,21,19,410,0,6,6,84.54,14,20,22,10,433,0,0,5,85.91
255,255035,A1,Henry County,Henry County High School,4,14,5,3,135,2,5,1,81.07,8,9,8,3,121,0,2,3,78.57,7,4,6,3,139,0,1,2,85.8,4,5,11,5,113,0,3,2,79.02,2,6,1,5,116,0,2,9,82.27
255,255,A1,Henry County,---DISTRICT TOTAL---,4,14,5,3,135,2,5,1,81.07,8,9,8,3,121,0,2,3,78.57,7,4,6,3,139,0,1,2,85.8,4,5,11,5,113,0,3,2,79.02,2,6,1,7,116,0,2,9,81.12
261,261050,A1,Hickman County,Hickman County High School,4,3,2,1,45,0,0,0,81.82,3,2,1,1,46,0,0,0,86.79,1,2,0,3,47,0,0,0,88.68,0,2,1,1,50,7,1,1,90.48,1,2,4,0,35,1,0,0,83.72
261,261,A1,Hickman County,---DISTRICT TOTAL---,4,3,2,1,45,0,0,0,81.82,3,2,1,1,46,0,0,0,86.79,1,2,0,3,47,0,0,0,88.68,0,2,1,1,50,7,1,1,90.48,1,2,4,0,35,1,0,0,83.72
265,265130,A1,Hopkins County,Central High School,20,9,12,3,193,0,3,0,80.42,19,9,9,10,196,1,2,3,79.12,16,13,8,5,188,0,3,3,79.66,17,22,18,6,172,0,3,0,72.27,15,6,12,4,189,0,4,1,81.82
265,265145,A1,Hopkins County,Madisonville North Hopkins High School,6,5,11,7,239,0,4,0,87.87,7,9,15,4,223,0,2,3,84.79,11,9,11,12,208,0,1,2,81.89,8,13,9,14,259,0,2,1,84.64,12,16,9,6,235,0,1,0,84.23
265,265,A1,Hopkins County,---DISTRICT TOTAL---,27,16,23,10,432,0,7,0,83.88,27,18,25,14,419,1,4,6,81.71,27,24,19,17,396,0,4,5,80.49,28,35,27,20,431,0,5,1,78.79,27,22,21,10,424,0,5,1,83.14
271,271020,A1,Jackson County,Jackson County High School,14,3,2,0,126,0,5,0,84,16,9,4,6,140,0,0,2,79.1,14,3,4,2,116,0,2,1,81.69,6,6,7,5,116,0,2,3,80,1,7,7,4,127,0,2,7,81.94
271,271,A1,Jackson County,---DISTRICT TOTAL---,14,4,2,0,130,0,5,0,83.87,17,9,4,6,140,0,0,2,78.65,14,4,4,2,116,0,2,1,81.12,7,6,7,5,116,0,2,3,79.45,1,7,7,4,127,0,2,7,81.94
272,272011,A1,Jackson Independent,Jackson City School,1,2,2,0,28,0,1,0,82.35,1,1,1,1,31,0,0,0,88.57,1,0,1,0,29,0,0,0,93.55,0,0,0,0,20,0,0,0,100,0,0,0,0,16,0,0,0,100
272,272,A1,Jackson Independent,---DISTRICT TOTAL---,1,2,2,0,28,0,1,0,82.35,1,1,1,1,31,0,0,0,88.57,1,0,1,0,29,0,0,0,93.55,0,0,0,0,20,0,0,0,100,0,0,0,0,16,0,0,0,100
275,275007,A1,Jefferson County,Eastern High School,12,13,9,6,313,0,14,0,85.29,11,12,8,3,377,0,6,2,89.98,4,4,3,10,404,0,6,0,93.74,9,2,9,12,360,1,17,0,88.05,3,5,15,10,374,0,19,0,87.79
275,275012,A1,Jefferson County,Fern Creek Traditional High School,7,15,10,5,214,0,8,7,80.45,9,9,4,4,218,0,6,4,85.83,12,4,3,6,204,0,6,2,86.08,0,6,10,5,196,2,17,2,83.19,6,19,8,2,231,0,9,0,84
275,275018,A1,Jefferson County,Atherton High School,14,13,11,5,222,0,5,1,81.92,9,5,5,7,206,0,7,1,85.83,6,9,3,5,185,0,9,0,85.25,7,5,6,4,186,5,15,1,83.41,3,6,2,4,157,0,16,1,83.07
275,275031,A1,Jefferson County,Southern High School Magnet Career Acade,15,23,18,7,239,0,11,1,76.11,18,21,13,9,257,1,5,2,79.14,8,18,12,7,259,3,3,0,84.52,13,16,11,11,246,4,20,0,77.88,9,27,9,14,263,0,15,0,78.04
275,275033,A1,Jefferson County,Valley Traditional High School,36,24,26,4,142,0,13,2,57.49,32,27,13,10,126,0,16,2,55.75,27,19,6,13,123,2,24,2,57.87,17,26,24,16,110,7,30,3,50.21,18,24,21,10,98,0,18,1,51.58
275,275045,A1,Jefferson County,Butler Traditional High School,1,2,0,0,337,0,5,5,96.29,0,0,0,0,364,0,3,3,98.38,1,0,1,1,362,6,0,1,98.92,0,0,0,2,381,3,1,2,98.71,0,1,1,0,377,0,0,0,99.47
275,275047,A1,Jefferson County,Louisville Male High School,0,0,0,1,373,0,0,1,99.47,1,0,1,0,383,0,1,0,99.22,0,0,0,0,345,0,0,1,99.71,0,0,0,0,359,0,2,1,99.17,0,0,0,0,402,0,4,0,99.01
275,275051,A1,Jefferson County,Waggener Traditional High School,13,13,11,1,154,0,16,1,73.68,8,9,7,4,161,1,4,3,82.23,12,9,3,11,197,1,4,1,83.19,3,10,10,14,155,4,10,2,76.44,7,7,12,7,204,0,13,2,80.95
275,275057,A1,Jefferson County,Fairdale High School Magnet Career Acade,23,21,13,5,174,0,6,5,70.45,13,9,9,4,137,0,3,3,76.97,7,10,6,10,122,0,10,6,71.35,7,11,9,5,133,2,8,1,76.7,9,13,11,6,148,1,7,2,75.63
275,275065,A1,Jefferson County,Jeffersontown HS Magnet Career Academy,16,11,10,2,161,1,10,4,75.35,20,17,6,6,194,0,6,5,76.38,9,5,4,8,180,2,13,2,81.61,6,8,6,1,208,2,5,3,87.87,6,9,5,5,149,1,4,2,82.87
275,275073,A1,Jefferson County,Seneca High School Magnet Career Academy,15,11,10,2,345,0,15,0,86.68,16,7,4,5,363,0,26,3,85.61,15,9,4,15,374,9,16,1,86.46,4,4,9,4,314,4,27,1,86.65,10,2,8,4,327,0,10,0,90.58
275,275075,A1,Jefferson County,Pleasure Ridge Park HS Magnet Career Aca,27,23,16,5,329,0,13,6,78.52,16,14,9,3,409,0,14,4,87.21,6,9,11,8,404,0,8,3,89.98,8,7,13,12,371,3,14,8,85.78,11,13,5,9,368,0,13,1,87.62
275,275084,A1,Jefferson County,Western MST Magnet High School,30,21,17,8,93,0,8,0,52.54,35,19,15,25,108,0,3,0,52.68,12,14,15,18,117,0,16,0,60.94,9,20,11,9,103,5,17,1,61.71,9,13,24,8,142,0,15,1,66.98
275,275100,A1,Jefferson County,Doss High School Magnet Career Academy,16,13,7,5,187,1,2,3,80.34,12,13,4,1,174,0,5,3,82.08,7,16,9,20,214,0,2,0,79.85,3,11,12,9,196,2,18,5,77.34,10,12,15,8,207,0,13,1,77.82
275,275105,A1,Jefferson County,Ballard High School,5,8,9,4,386,0,9,4,90.82,7,4,5,0,404,0,10,1,93.74,5,3,1,7,352,0,1,1,95.14,0,1,6,4,380,0,17,0,93.14,0,8,9,5,361,0,13,0,91.16
275,275155,A1,Jefferson County,Moore Traditional School,,,,,,,,,,,,,,,,,,,15,10,6,5,104,1,12,1,68.18,5,2,8,4,83,0,9,5,71.55,8,10,8,9,103,0,8,2,69.59
275,275165,A1,Jefferson County,Brown School,,,,,,,,,,,,,,,,,,,,,,,,,,,,,,,,,,,,,0,0,0,0,54,0,0,0,100
275,275179,A1,Jefferson County,Central High School,26,9,10,4,170,0,11,2,73.28,13,4,2,0,167,0,2,4,86.98,4,0,5,8,265,4,0,1,93.73,0,0,5,2,242,0,6,0,94.9,0,1,3,3,164,0,4,2,92.66
275,275200,A1,Jefferson County,Dupont Manual High School,4,0,0,1,386,0,1,2,97.97,1,0,0,0,430,0,5,4,97.73,0,1,0,1,433,1,0,0,99.54,0,0,1,1,414,1,2,3,98.34,0,0,0,0,437,5,1,1,99.55
275,275335,A1,Jefferson County,Iroquois High School Magnet Career Aca,52,32,26,9,154,0,11,5,53.29,40,20,15,15,175,0,9,5,62.72,40,11,22,28,165,0,21,3,56.9,10,29,24,12,150,5,25,2,60.31,23,32,18,26,155,0,24,5,54.77
275,275590,A1,Jefferson County,Shawnee High School Magnet Career Academ,16,18,17,6,82,0,7,0,56.16,22,13,7,7,96,0,2,4,63.58,10,9,7,9,84,0,9,2,64.62,4,16,8,8,61,1,7,3,57.41,5,23,15,17,89,0,7,4,55.63
275,275,A1,Jefferson County,---DISTRICT TOTAL---,675,570,403,152,4608,2,174,51,69.48,518,413,233,239,4918,2,137,57,75.49,374,299,308,521,4947,29,160,29,74.64,204,361,468,319,4688,51,267,43,74.04,242,556,489,296,4810,7,213,25,72.57
276,276011,A1,Jenkins Independent,Jenkins Middle High School,0,0,0,0,38,0,1,0,97.44,3,0,0,3,32,0,1,1,80,1,2,0,0,25,0,0,0,89.29,1,0,0,0,34,0,0,0,97.14,0,0,0,0,46,1,0,0,100
276,276,A1,Jenkins Independent,---DISTRICT TOTAL---,0,0,0,0,38,0,1,0,97.44,3,0,0,3,32,0,1,1,80,1,2,0,0,25,0,0,0,89.29,1,0,0,0,34,0,0,0,97.14,0,0,0,0,46,1,0,0,100
281,281019,A1,Jessamine County,West Jessamine High School,13,16,12,10,170,0,0,2,76.23,12,10,5,3,156,0,4,3,80.83,4,4,6,2,192,0,0,2,91.43,4,7,3,1,179,1,0,0,92.31,8,5,7,4,201,0,2,2,87.77
281,281021,A1,Jessamine County,East Jessamine High School,16,9,8,26,162,9,1,1,73.71,15,10,13,14,172,10,2,1,76.79,11,6,13,6,156,0,9,1,77.23,5,12,5,9,165,2,2,2,82.67,7,6,10,1,141,1,0,3,84.02
281,281,A1,Jessamine County,---DISTRICT TOTAL---,29,25,25,43,333,9,5,3,72.46,27,24,24,22,343,10,20,4,74.47,19,18,28,14,367,0,19,3,78.42,18,34,14,22,367,4,11,5,78.11,25,24,24,7,363,3,13,11,77.87
285,285115,A1,Johnson County,Johnson Central High School,4,12,15,3,211,0,0,3,85.08,5,6,12,11,202,0,3,0,84.52,2,6,4,0,196,0,2,0,93.33,2,5,2,2,217,0,4,3,92.34,1,1,3,0,199,0,3,4,94.31
285,285,A1,Johnson County,---DISTRICT TOTAL---,4,12,15,7,211,0,0,3,83.73,5,6,19,11,202,0,3,0,82.11,2,11,4,0,196,0,2,0,91.16,2,5,2,2,217,0,4,3,92.34,1,1,3,2,199,0,3,4,93.43
291,291040,A1,Kenton County,Dixie Heights High School,7,5,8,6,245,0,0,1,90.07,7,23,6,0,222,0,0,2,85.38,22,12,12,6,276,0,0,2,83.64,9,9,6,2,289,0,1,10,88.65,18,5,6,1,282,0,0,10,87.58
291,291090,A1,Kenton County,Simon Kenton High School,4,10,6,4,277,0,0,2,91.42,9,7,5,0,286,0,0,1,92.86,8,18,1,2,279,0,0,1,90.29,9,12,2,1,302,0,2,2,91.52,8,7,9,1,304,0,2,2,91.29
291,291120,A1,Kenton County,Scott High School,4,5,2,7,231,0,2,1,91.67,4,4,5,5,242,0,8,1,89.96,7,10,6,1,238,0,4,4,88.15,4,7,4,6,253,0,2,3,90.68,6,9,0,3,270,0,1,3,92.47
291,291,A1,Kenton County,---DISTRICT TOTAL---,17,20,16,17,753,0,2,4,90.83,20,34,16,5,750,0,8,4,89.61,37,40,19,9,793,0,4,7,87.24,22,28,12,9,844,0,5,15,90.27,32,21,15,5,856,0,3,15,90.39
295,295265,A1,Knott County,Knott County Central High School,23,9,9,6,125,1,2,0,72,13,7,3,4,141,0,2,3,81.5,11,7,2,4,136,0,1,1,83.95,9,8,4,2,129,0,0,1,84.31,2,4,5,2,115,0,3,3,85.82
295,295AAA,A1,Knott County,Knott County JOINT-A0012,4,2,2,0,27,0,0,0,77.14,4,2,3,1,28,0,2,0,70,1,3,3,0,24,0,1,0,75,0,4,1,0,21,0,1,0,77.78,0,3,2,0,15,0,4,0,62.5
295,295,A1,Knott County,---DISTRICT TOTAL---,30,11,11,6,152,1,2,0,71.83,17,9,6,5,169,0,4,3,79.34,14,10,5,4,160,0,2,1,81.63,9,12,5,2,150,0,1,1,83.33,2,7,7,2,130,0,7,3,82.28
301,301410,A1,Knox County,Knox Central High School,14,13,12,11,146,2,0,1,74.37,9,21,7,11,130,0,0,0,73.03,0,22,12,5,184,0,0,3,81.42,7,9,8,6,166,0,0,3,83.42,0,8,5,8,161,0,0,5,86.1
301,301450,A1,Knox County,Lynn Camp High School,5,6,2,0,66,0,0,0,83.54,6,6,1,1,82,0,2,0,83.67,0,3,1,1,59,0,1,1,89.39,1,3,3,1,58,0,0,0,87.88,0,3,3,2,57,0,0,1,86.36
301,301,A1,Knox County,---DISTRICT TOTAL---,32,32,21,15,223,2,33,1,62.67,34,30,12,15,244,0,20,0,68.73,6,27,18,9,256,0,8,7,77.34,9,19,16,13,247,0,10,5,77.43,3,14,20,12,241,1,1,6,81.21
305,305040,A1,LaRue County,LaRue County High School,11,4,9,10,152,0,3,2,79.58,9,9,9,3,133,0,1,2,80.12,5,16,0,1,120,0,4,0,82.19,5,5,1,0,141,0,6,2,88.13,1,4,1,2,149,0,2,6,90.3
305,305,A1,LaRue County,---DISTRICT TOTAL---,11,4,9,10,152,0,3,2,79.58,9,9,9,3,133,0,1,2,80.12,5,16,0,1,120,0,4,0,82.19,5,5,1,0,141,0,6,2,88.13,1,4,1,2,149,0,2,6,90.3
311,311205,A1,Laurel County,North Laurel High School,27,27,15,21,237,0,8,1,70.54,15,15,8,7,198,0,15,1,76.45,19,13,12,12,230,0,8,6,76.67,13,19,14,10,243,0,8,7,77.39,19,16,10,7,224,2,6,3,78.75
311,311210,A1,Laurel County,South Laurel High School,13,20,16,8,203,0,0,2,77.48,26,14,10,12,230,0,11,3,75.16,27,12,8,9,205,0,8,3,75.37,15,14,11,4,264,0,4,8,82.5,8,11,3,8,264,0,0,2,89.19
311,311,A1,Laurel County,---DISTRICT TOTAL---,49,47,33,29,440,0,8,3,72.25,43,34,18,19,428,0,26,4,74.83,51,25,20,21,435,0,16,9,75.39,28,33,25,14,507,0,12,15,79.97,27,27,13,15,488,2,6,5,84.05
315,315260,A1,Lawrence County,Lawrence County High School,19,11,5,10,164,0,6,0,76.28,19,9,13,9,136,0,7,1,70.1,8,11,11,2,159,0,3,1,81.54,11,12,7,4,154,0,5,2,78.97,5,17,8,5,161,0,2,0,81.31
315,315,A1,Lawrence County,---DISTRICT TOTAL---,19,11,5,10,164,0,6,0,76.28,19,9,13,9,136,0,7,1,70.1,8,11,11,2,159,0,3,1,81.54,11,12,7,4,154,0,5,2,78.97,5,17,8,5,161,0,2,0,81.31
321,321050,A1,Lee County,Lee County High School,11,3,3,1,70,0,2,0,77.78,3,1,2,0,72,0,2,0,90,4,5,5,0,51,0,1,0,77.27,6,4,2,3,78,0,2,5,78,3,5,7,0,73,0,1,1,81.11
321,321,A1,Lee County,---DISTRICT TOTAL---,11,3,3,1,70,0,2,0,77.78,3,1,2,0,72,0,2,0,90,4,5,5,0,51,0,1,0,77.27,6,4,2,3,78,0,2,5,78,3,5,7,0,73,0,1,1,81.11
325,325350,A1,Leslie County,Leslie County High School,11,5,7,8,147,0,7,1,79.03,10,10,11,5,127,0,3,2,75.6,2,13,4,3,106,0,4,2,79.1,9,10,5,9,122,0,3,0,77.22,4,3,5,7,107,0,6,6,77.54
325,325,A1,Leslie County,---DISTRICT TOTAL---,11,5,7,8,147,0,7,1,79.03,10,10,11,5,127,0,3,2,75.6,2,13,4,3,106,0,4,2,79.1,9,10,5,9,122,0,3,0,77.22,4,3,5,7,107,0,6,6,77.54
331,331056,A1,Letcher County,Letcher County Central High School,,,,,,,,,,,,,,,,,,,,,,,,,,,,,,,,,,,,,,,,,,,,,
331,331,A1,Letcher County,---DISTRICT TOTAL---,13,17,12,14,199,2,0,5,76.72,19,18,6,12,199,0,2,3,76.83,11,10,8,3,191,0,9,2,81.62,9,9,7,6,170,0,0,5,82.52,5,7,9,8,193,0,0,3,85.78
335,335120,A1,Lewis County,Lewis County High School,3,17,9,1,143,0,0,4,80.79,10,9,5,2,130,0,0,2,82.28,8,4,5,1,135,0,0,0,88.24,7,3,4,1,127,0,0,2,88.19,7,3,4,5,138,0,0,6,84.66
335,335,A1,Lewis County,---DISTRICT TOTAL---,3,17,9,1,143,0,0,4,80.79,10,9,5,2,130,0,0,2,82.28,8,4,5,1,135,0,0,0,88.24,7,3,4,1,127,0,0,2,88.19,7,3,4,5,138,0,0,6,84.66
341,341095,A1,Lincoln County,Lincoln County High School,20,12,6,6,203,0,3,2,80.56,13,10,6,5,210,1,0,3,85.08,15,11,3,0,217,0,3,5,85.43,9,7,9,2,219,0,1,1,88.31,3,5,10,5,201,0,1,6,87.01
341,341,A1,Lincoln County,---DISTRICT TOTAL---,35,26,14,9,240,0,14,2,70.59,27,21,14,9,255,7,21,3,73.39,25,17,8,9,252,6,13,7,76.56,15,11,19,7,242,11,22,2,76.9,6,7,20,6,240,17,20,6,79.81
345,345050,A1,Livingston County,Livingston Central High School,5,2,3,1,87,0,0,0,88.78,0,4,2,0,60,0,0,0,90.91,6,7,4,2,89,0,2,0,80.91,6,5,2,0,77,0,1,0,84.62,6,3,4,1,95,0,0,1,86.36
345,345,A1,Livingston County,---DISTRICT TOTAL---,5,2,3,1,87,0,0,0,88.78,0,4,2,0,60,0,0,0,90.91,6,7,4,2,89,0,2,0,80.91,6,5,2,0,77,0,1,0,84.62,6,3,4,1,95,0,0,1,86.36
351,351140,A1,Logan County,Logan County High School,12,7,4,23,195,0,7,1,78.31,10,0,0,8,204,0,1,0,91.48,8,3,10,7,213,0,0,0,88.38,4,6,12,6,244,0,0,5,88.09,4,4,3,2,218,1,0,2,93.59
351,351,A1,Logan County,---DISTRICT TOTAL---,12,7,4,23,195,0,7,1,78.31,10,0,0,8,204,0,1,0,91.48,8,3,10,7,213,0,0,0,88.38,4,6,12,6,244,0,0,5,88.09,4,4,3,2,218,1,0,2,93.59
354,354020,A1,Ludlow Independent,Ludlow High School,2,0,1,1,64,0,1,0,92.75,0,0,1,1,51,0,0,0,96.23,0,0,0,1,68,0,0,0,98.55,2,0,0,0,73,0,0,0,97.33,0,1,1,1,63,0,1,0,94.03
354,354,A1,Ludlow Independent,---DISTRICT TOTAL---,2,0,1,1,64,0,1,0,92.75,0,0,1,1,51,0,0,0,96.23,0,0,0,1,68,0,0,0,98.55,2,0,0,0,73,0,0,0,97.33,0,1,1,1,63,0,1,0,94.03
361,361070,A1,Lyon County,Lyon County High School,,,,,,,,,,,,,,,,,,,,,,,,,,,,0,2,0,2,52,0,0,0,92.86,0,2,0,1,70,1,2,0,93.42
361,361,A1,Lyon County,---DISTRICT TOTAL---,3,4,0,0,64,0,3,0,86.49,2,2,1,2,66,1,0,0,90.54,0,0,0,0,55,0,5,0,91.67,0,2,0,2,52,0,0,0,92.86,0,2,0,1,70,1,2,0,93.42
365,365050,A1,Madison County,Madison Central High School,8,18,12,2,250,1,5,2,84.23,5,3,9,8,263,0,7,1,88.85,5,6,14,18,268,1,7,0,84.33,4,7,20,16,291,30,1,2,86.52,7,10,15,4,317,0,2,7,87.57
365,365150,A1,Madison County,Madison Southern High School,3,3,0,3,151,0,3,0,92.64,1,0,1,3,181,0,5,0,94.76,0,1,0,7,176,4,8,0,91.84,1,0,3,9,202,0,7,0,90.99,0,1,9,9,197,0,4,0,89.55
365,365460,A1,Madison County,Model Laboratory High School,0,0,1,0,47,0,1,0,95.92,0,0,0,1,59,0,1,0,96.72,0,0,0,0,55,0,0,0,100,0,0,0,0,52,0,0,0,100,0,0,0,0,48,0,0,0,100
365,365,A1,Madison County,---DISTRICT TOTAL---,11,22,13,5,448,1,9,2,87.87,6,3,11,12,503,0,13,1,91.62,5,8,15,25,499,5,15,0,88.11,5,7,23,25,545,30,8,2,89.15,7,12,24,13,562,0,6,7,89.06
371,371370,A1,Magoffin County,Magoffin County High School,19,8,10,13,144,0,5,0,72.36,19,10,5,3,129,0,3,0,76.33,7,5,3,4,95,0,4,0,80.51,1,3,2,2,135,0,6,2,89.4,3,4,2,2,121,0,4,0,88.97
371,371,A1,Magoffin County,---DISTRICT TOTAL---,19,8,10,13,144,0,5,0,72.36,19,10,5,3,129,0,3,0,76.33,7,5,3,4,95,0,4,0,80.51,1,3,2,2,135,0,6,2,89.4,3,4,2,2,121,0,4,0,88.97
375,375515,A1,Marion County,Marion County High School,7,5,8,5,172,0,6,2,83.9,14,9,8,6,179,0,3,1,81.36,10,1,11,7,167,0,1,0,84.77,7,3,19,4,167,0,2,1,82.27,5,6,9,4,171,0,3,2,85.5
375,375,A1,Marion County,---DISTRICT TOTAL---,7,5,8,5,172,0,6,2,83.9,14,9,8,6,179,0,3,1,81.36,10,1,11,7,167,0,1,0,84.77,7,3,19,4,167,0,2,1,82.27,5,6,9,4,171,0,3,2,85.5
381,381088,A1,Marshall County,Marshall County High School,11,15,20,10,276,0,2,0,82.63,5,6,9,11,288,0,3,1,89.16,4,5,7,2,265,0,0,0,93.64,0,15,7,4,259,0,2,1,89.93,7,5,3,1,289,0,2,3,93.23
381,381,A1,Marshall County,---DISTRICT TOTAL---,11,15,20,10,276,0,2,0,82.63,5,6,9,11,288,0,3,1,89.16,4,5,7,2,265,0,0,0,93.64,0,15,7,4,259,0,2,1,89.93,7,5,3,1,289,0,34,3,84.5
385,385250,A1,Martin County,Sheldon Clark High School,11,11,10,5,151,0,2,0,79.47,4,16,4,5,132,1,3,0,80.61,7,11,2,8,108,0,3,0,77.7,9,5,8,5,119,0,3,2,78.81,11,16,6,7,121,0,3,0,73.78
385,385,A1,Martin County,---DISTRICT TOTAL---,11,11,10,5,151,0,2,0,79.47,4,16,4,5,132,1,3,0,80.61,7,11,2,8,108,0,3,0,77.7,9,5,8,5,119,0,3,2,78.81,11,16,6,7,121,0,3,0,73.78
391,391030,A1,Mason County,Mason County High School,2,6,6,12,165,0,1,0,85.94,6,5,15,17,168,0,1,2,78.5,5,10,15,4,175,0,2,1,82.55,10,8,11,4,153,0,1,3,80.53,3,4,9,6,191,0,0,2,88.84
391,391,A1,Mason County,---DISTRICT TOTAL---,2,6,6,12,165,0,1,0,85.94,6,5,15,17,168,0,1,2,78.5,5,10,15,4,175,0,2,1,82.55,10,8,11,4,153,0,1,3,80.53,3,4,9,6,191,0,0,2,88.84
392,392060,A1,Mayfield Independent,Mayfield High School,0,2,5,7,80,0,1,0,84.21,12,5,4,3,81,0,2,2,74.31,2,3,7,2,78,0,0,0,84.78,6,5,9,5,78,0,1,1,74.29,6,7,9,3,75,0,0,1,74.26
392,392,A1,Mayfield Independent,---DISTRICT TOTAL---,0,2,5,7,80,0,1,0,84.21,12,5,4,3,81,0,2,2,74.31,2,3,7,2,78,0,0,0,84.78,6,5,9,5,78,0,1,1,74.29,6,7,9,3,75,0,0,1,74.26
395,395050,A1,McCracken County,Heath High School,2,0,2,3,131,0,5,0,91.61,0,4,3,2,121,0,7,0,88.32,0,3,4,1,140,0,0,0,94.59,1,2,4,0,92,0,0,0,92.93,0,1,5,0,138,0,0,0,95.83
395,395070,A1,McCracken County,Lone Oak High School,1,3,6,2,167,0,1,1,92.27,1,4,3,4,169,0,2,2,91.35,3,4,2,2,197,0,4,1,92.49,1,3,4,3,178,0,2,3,91.75,0,5,6,8,171,0,0,1,89.53
395,395110,A1,McCracken County,Reidland High School,0,1,3,9,117,0,0,3,87.97,2,0,6,0,122,0,2,0,92.42,0,4,1,2,101,0,0,0,93.52,0,3,0,1,121,0,0,0,96.8,9,3,3,1,124,0,0,0,88.57
395,395,A1,McCracken County,---DISTRICT TOTAL---,3,5,11,14,415,0,6,4,90.61,4,8,12,6,412,0,11,2,90.55,3,11,7,5,438,0,4,1,93.39,2,8,8,4,391,0,2,3,93.54,9,9,14,9,433,0,0,1,91.16
401,401010,A1,McCreary County,McCreary Central High School,8,10,22,4,161,0,0,0,78.54,5,8,0,5,188,0,0,1,90.82,4,9,2,2,164,2,0,0,90.71,4,2,3,2,144,0,0,1,92.31,0,5,4,10,176,0,0,4,88.44
401,401,A1,McCreary County,---DISTRICT TOTAL---,8,17,22,6,175,0,3,0,75.76,6,8,1,7,214,0,7,1,87.7,4,9,2,4,204,2,0,0,91.56,4,3,7,5,192,0,7,1,87.67,0,7,6,12,252,0,59,23,70.19
405,405065,A1,McLean County,McLean County High School,4,6,2,2,114,0,6,0,85.07,4,4,6,2,104,0,6,0,82.54,2,3,2,0,111,0,3,0,91.74,2,1,3,3,101,0,3,1,88.6,2,4,5,3,108,0,1,3,85.71
405,405,A1,McLean County,---DISTRICT TOTAL---,4,6,2,2,114,0,6,0,85.07,4,4,6,2,104,0,6,0,82.54,2,3,2,0,111,0,3,0,91.74,2,1,3,3,101,0,3,1,88.6,2,4,5,3,108,0,1,3,85.71
411,411070,A1,Meade County,Meade County High School,21,21,12,12,323,0,5,4,81.16,15,17,9,10,320,0,3,5,84.43,7,7,17,5,338,0,0,3,89.66,7,13,10,7,353,0,16,2,86.52,16,11,6,3,307,0,2,3,88.22
411,411,A1,Meade County,---DISTRICT TOTAL---,21,21,12,12,323,0,5,4,81.16,15,17,9,16,320,0,3,5,83.12,7,7,18,12,353,0,8,3,86.52,7,13,12,7,353,0,16,2,86.1,16,11,6,5,307,0,2,3,87.71
415,415090,A1,Menifee County,Menifee County High School,4,3,1,0,72,0,2,0,87.8,6,4,6,2,69,0,0,0,79.31,2,5,2,2,76,0,2,1,84.44,0,2,1,3,68,0,0,1,90.67,2,6,4,0,68,0,0,0,85
415,415,A1,Menifee County,---DISTRICT TOTAL---,9,3,13,8,98,0,2,0,73.68,6,4,6,2,69,0,4,0,75.82,2,5,2,4,76,0,2,1,82.61,0,2,1,3,68,0,0,1,90.67,2,6,4,0,68,0,0,0,85
421,421015,A1,Mercer County,Mercer County Senior High School,,,,,,,,,,,,,,,,,,,,,,,,,,,,,,,,,,,,,,,,,,,,,
421,421,A1,Mercer County,---DISTRICT TOTAL---,3,1,5,0,152,0,1,0,93.83,2,3,3,2,125,2,1,0,92.03,1,5,1,1,155,0,0,0,95.09,1,4,4,1,178,0,0,1,94.18,6,4,3,1,203,0,0,1,93.12
425,425050,A1,Metcalfe County,Metcalfe County High School,9,3,6,1,55,0,0,1,73.33,8,1,1,3,99,0,0,0,88.39,3,1,5,2,82,1,0,0,88.3,0,9,1,2,95,0,0,0,88.79,1,2,1,1,96,0,5,2,88.89
425,425,A1,Metcalfe County,---DISTRICT TOTAL---,9,3,6,1,55,0,0,1,73.33,8,1,1,3,99,0,0,0,88.39,3,1,5,2,82,1,0,0,88.3,0,9,1,2,95,0,0,0,88.79,1,2,1,1,96,0,5,2,88.89
426,426080,A1,Middlesboro Independent,Middlesboro High School,8,12,2,4,80,2,2,0,74.55,2,7,7,6,103,0,2,0,81.1,7,7,12,4,105,10,1,1,78.23,8,9,6,1,77,0,3,5,70.64,6,8,3,3,97,0,3,0,80.83
426,426,A1,Middlesboro Independent,---DISTRICT TOTAL---,8,12,5,13,81,2,2,0,67.48,2,9,7,13,103,0,5,0,74.1,8,7,12,5,105,10,1,1,77.18,8,10,10,7,77,0,4,11,60.63,8,10,3,3,98,0,12,0,73.13
431,431450,A1,Monroe County,Monroe County High School,3,4,8,3,118,0,2,3,83.69,2,3,5,4,124,0,1,2,87.94,1,3,9,6,118,0,0,2,84.89,1,5,6,2,116,0,0,4,86.57,5,2,7,5,113,0,0,0,85.61
431,431,A1,Monroe County,---DISTRICT TOTAL---,3,4,8,3,118,0,2,3,83.69,2,3,5,4,124,0,1,2,87.94,1,3,9,6,118,0,0,2,84.89,1,5,6,2,116,0,0,4,86.57,5,2,7,5,113,0,0,0,85.61
435,435040,A1,Montgomery County,Montgomery County High School,3,9,11,2,203,0,1,2,87.88,8,13,5,7,227,0,0,3,86.31,5,2,6,7,197,1,1,4,88.79,6,12,6,3,191,1,2,10,83.12,8,6,14,9,231,0,0,2,85.56
435,435,A1,Montgomery County,---DISTRICT TOTAL---,15,21,12,2,203,0,1,2,79.3,16,14,5,7,230,0,0,3,83.64,7,2,6,8,201,1,3,4,87.07,6,12,6,3,193,1,2,11,82.91,8,7,14,9,232,0,0,2,85.29
436,436010,A1,Monticello Independent,Monticello High School,5,6,0,0,48,0,0,0,81.36,2,3,3,2,40,0,0,0,80,5,4,2,2,40,0,1,0,74.07,1,3,0,0,57,0,0,0,93.44,3,1,3,1,52,0,0,0,86.67
436,436,A1,Monticello Independent,---DISTRICT TOTAL---,5,6,0,0,48,0,0,0,81.36,2,3,3,2,40,0,0,0,80,5,4,2,2,40,0,1,0,74.07,1,3,0,0,57,0,0,0,93.44,3,1,3,1,52,0,0,0,86.67
441,441150,A1,Morgan County,Morgan County High School,10,16,8,3,150,0,3,3,77.72,9,6,8,3,133,0,1,1,82.61,9,10,11,4,128,0,2,2,77.11,10,9,9,5,141,0,1,1,80.11,7,3,7,3,139,1,2,2,85.37
441,441,A1,Morgan County,---DISTRICT TOTAL---,10,16,8,3,150,0,3,3,77.72,9,6,8,3,133,0,1,1,82.61,9,10,11,4,128,0,2,2,77.11,10,9,9,5,143,0,1,1,80.34,7,3,7,3,139,1,4,2,84.34
445,445155,A1,Muhlenberg County,Muhlenberg North High School,12,8,11,7,203,0,0,0,84.23,9,14,5,7,172,0,3,0,81.9,3,5,5,12,150,0,0,0,85.71,1,9,6,4,176,0,0,5,87.56,2,2,8,4,203,2,0,3,91.52
445,445160,A1,Muhlenberg County,Muhlenberg South High School,7,10,5,7,145,0,0,2,82.39,5,3,4,8,156,0,0,2,87.64,4,4,5,2,152,0,0,0,91.02,3,4,6,4,131,0,0,2,87.33,5,10,6,5,138,14,1,1,84.44
445,445,A1,Muhlenberg County,---DISTRICT TOTAL---,19,18,16,14,348,0,0,2,83.45,14,17,9,15,328,0,3,2,84.54,7,9,10,14,302,0,0,0,88.3,4,13,12,8,307,0,0,7,87.46,7,12,14,9,341,16,1,4,88.37
446,446050,A1,Murray Independent,Murray High School,0,0,0,0,118,0,1,0,99.16,0,0,3,1,113,0,0,0,96.58,0,1,1,2,133,0,0,1,96.38,0,1,1,3,143,0,0,0,96.62,0,0,2,3,132,0,0,0,96.35
446,446,A1,Murray Independent,---DISTRICT TOTAL---,0,0,0,0,118,0,1,0,99.16,0,0,3,1,113,0,0,0,96.58,0,1,1,2,133,0,0,1,96.38,0,1,1,3,143,0,0,0,96.62,0,0,2,3,132,0,0,0,96.35
451,451100,A1,Nelson County,Nelson County High School,8,13,8,8,301,0,0,0,89.05,9,9,13,5,333,0,4,1,89.04,7,9,7,11,295,0,0,2,89.12,10,7,7,9,318,0,0,7,88.83,6,5,2,1,313,0,6,19,88.92
451,451,A1,Nelson County,---DISTRICT TOTAL---,8,13,8,8,301,3,9,0,86.86,9,9,13,5,333,0,4,1,89.04,7,9,7,11,295,0,0,2,89.12,10,7,7,9,318,0,0,7,88.83,6,5,2,1,313,0,6,19,88.92
452,452070,A1,Newport Independent,Newport High School,9,4,2,4,142,0,0,2,87.12,11,6,4,3,121,0,0,2,82.31,6,7,5,3,104,1,0,0,83.33,6,3,3,8,109,2,0,0,84.73,10,1,4,7,114,0,0,5,80.85
452,452,A1,Newport Independent,---DISTRICT TOTAL---,9,4,2,4,142,0,0,2,87.12,11,6,4,3,121,0,0,2,82.31,6,7,5,3,104,1,0,0,83.33,6,3,3,8,109,2,0,0,84.73,10,1,4,7,114,0,0,5,80.85
455,455030,A1,Nicholas County,Nicholas County High School,3,1,3,2,69,0,2,1,85.19,3,2,4,1,77,1,3,2,83.87,4,5,2,2,73,0,1,0,83.91,2,2,3,2,63,1,1,1,85.33,6,4,6,0,80,0,2,0,81.63
455,455,A1,Nicholas County,---DISTRICT TOTAL---,3,1,3,2,69,0,2,1,85.19,3,2,4,1,77,1,3,2,83.87,4,5,2,2,73,0,1,0,83.91,2,2,3,2,63,1,1,1,85.33,6,4,6,0,80,0,2,0,81.63
461,461155,A1,Ohio County,Ohio County High School,7,4,7,2,242,2,4,2,90.37,7,9,8,4,251,0,12,1,85.96,7,7,5,6,226,43,2,3,89.97,4,3,5,8,221,0,5,10,86.33,6,6,5,2,252,0,2,3,91.3
461,461,A1,Ohio County,---DISTRICT TOTAL---,9,5,7,2,242,2,4,2,89.38,7,9,8,4,251,0,12,1,85.96,8,7,5,6,226,43,2,3,89.67,4,3,5,8,221,0,5,10,86.33,6,6,5,2,252,0,2,3,91.3
465,465012,A1,Oldham County,North Oldham High School,,,,,,,,,,,,,,,,,,,,,,,,,,,,,,,,,,,,,0,0,0,0,189,0,0,0,100
465,465060,A1,Oldham County,Oldham County High School,2,2,2,10,270,0,1,3,93.1,2,3,1,5,275,0,1,0,95.82,1,1,1,5,285,0,0,1,96.94,0,0,1,3,262,0,1,4,96.68,0,0,2,0,294,0,2,6,96.71
465,465095,A1,Oldham County,South Oldham High School,1,0,4,1,310,0,0,3,97.18,,,,,,,,,,,,,,,,,,,,,,,,,,,,0,0,0,0,231,0,0,1,99.57
465,465,A1,Oldham County,---DISTRICT TOTAL---,5,5,8,15,612,0,9,6,92.73,5,7,11,19,647,0,12,3,91.9,4,5,4,16,655,0,10,3,93.97,2,5,9,12,674,0,8,5,94.27,3,3,8,4,736,0,6,7,95.96
471,471080,A1,Owen County,Owen County High School,5,11,8,4,92,0,2,2,74.19,8,9,8,5,106,0,3,0,76.26,12,12,8,3,105,0,0,0,75,6,15,5,6,110,0,3,0,75.86,7,5,7,3,118,0,0,4,81.94
471,471,A1,Owen County,---DISTRICT TOTAL---,5,11,8,4,92,0,2,2,74.19,8,9,8,5,106,0,3,0,76.26,12,12,8,3,105,0,0,0,75,6,15,5,6,110,0,3,0,75.86,7,5,7,3,118,0,0,4,81.94
472,472110,A1,Owensboro Independent,Owensboro High School,4,11,6,15,222,1,0,7,83.83,3,6,11,6,225,0,0,1,89.29,0,4,4,4,206,0,0,10,90.35,0,5,10,6,167,22,0,7,87.1,5,8,6,7,195,0,0,5,86.28
472,472,A1,Owensboro Independent,---DISTRICT TOTAL---,4,11,6,15,222,1,0,7,83.83,3,6,11,6,225,0,0,1,89.29,0,4,4,4,206,0,0,10,90.35,0,5,10,7,178,22,1,7,86.96,5,8,6,18,222,0,0,5,84.09
475,475080,A1,Owsley County,Owsley County High School,1,1,5,4,53,0,1,2,79.1,5,4,4,6,55,0,0,0,74.32,1,2,1,5,48,0,1,0,82.76,0,4,1,1,49,0,0,1,87.5,1,2,2,1,46,0,0,1,86.79
475,475,A1,Owsley County,---DISTRICT TOTAL---,1,1,5,4,53,0,1,2,79.1,5,4,4,6,55,0,0,0,74.32,1,2,1,5,48,0,1,0,82.76,0,4,1,1,49,0,0,1,87.5,1,2,2,1,46,0,0,1,86.79
476,476170,A1,Paducah Independent,Paducah Tilghman High School,3,7,14,9,159,0,0,1,82.38,8,6,10,14,150,0,1,1,78.95,5,17,7,4,133,0,5,0,77.78,13,12,8,2,155,0,4,2,79.08,17,7,9,1,144,0,2,4,78.26
476,476,A1,Paducah Independent,---DISTRICT TOTAL---,21,15,21,9,159,0,0,1,70.35,14,13,10,14,150,0,1,1,73.89,7,17,7,4,133,0,5,0,76.88,13,12,8,2,155,0,4,2,79.08,17,7,9,1,144,0,2,4,78.26
477,477020,A1,Paintsville Independent,Paintsville High School,3,4,4,0,45,0,0,0,80.36,3,2,0,1,52,0,0,1,88.14,1,0,3,2,45,0,0,1,86.54,0,1,0,2,50,0,0,1,92.59,0,0,0,1,54,0,0,0,98.18
477,477,A1,Paintsville Independent,---DISTRICT TOTAL---,3,4,4,0,57,0,6,0,77.03,3,2,0,1,60,4,1,1,88.89,1,0,3,8,75,0,0,1,85.23,0,1,1,2,50,0,0,1,90.91,0,5,0,1,68,0,0,0,91.89
478,478020,A1,Paris Independent,Paris High School,1,1,0,1,48,0,2,0,90.57,0,1,0,2,29,0,0,1,87.88,1,4,1,0,44,0,1,2,83.02,2,1,0,0,33,0,0,0,91.67,0,0,0,0,53,0,0,0,100
478,478,A1,Paris Independent,---DISTRICT TOTAL---,1,1,0,1,48,0,2,0,90.57,0,1,0,2,29,0,0,1,87.88,1,4,1,0,44,0,1,2,83.02,2,1,0,0,33,0,0,0,91.67,0,0,0,0,53,0,0,0,100
481,481070,A1,Pendleton County,Pendleton County High School,3,5,7,4,185,0,0,0,90.69,4,3,5,3,192,0,1,2,91.43,1,5,3,2,152,0,5,3,88.89,1,3,3,5,191,0,1,3,92.27,3,4,4,5,198,0,7,16,83.54
481,481,A1,Pendleton County,---DISTRICT TOTAL---,3,5,7,4,185,0,0,0,90.69,4,3,5,3,192,0,1,2,91.43,1,5,3,2,152,0,5,3,88.89,1,3,3,5,191,0,1,3,92.27,3,4,4,5,198,0,7,16,83.54
485,485130,A1,Perry County,Buckhorn High School,2,2,0,1,30,0,1,0,83.33,4,3,1,0,51,0,1,0,85,5,2,1,0,31,0,2,0,75.61,0,0,4,0,49,0,0,0,92.45,0,0,1,3,30,0,0,0,88.24
485,485250,A1,Perry County,Perry County Central High School,29,30,16,7,170,0,6,1,65.64,28,15,9,3,199,2,5,2,76.43,15,13,7,13,180,9,0,0,79.75,11,4,7,4,182,0,7,1,84.26,2,9,7,2,217,0,5,3,88.57
485,485,A1,Perry County,---DISTRICT TOTAL---,31,32,16,8,200,0,7,1,67.8,32,18,10,3,250,2,6,2,78.02,20,15,8,13,211,9,2,0,79.14,11,4,11,4,231,0,7,1,85.87,2,9,8,5,247,0,5,3,88.53
491,491054,A1,Pike County,East Ridge High School,8,6,6,2,160,0,0,2,86.96,8,8,9,4,138,0,6,0,79.77,11,3,9,2,149,0,2,1,84.18,0,3,10,8,136,0,2,1,85,15,11,9,3,153,0,1,0,79.69
491,491090,A1,Pike County,Belfry High School,5,6,4,2,129,0,1,1,87.16,1,5,4,2,131,0,2,2,89.12,6,3,6,7,128,0,1,1,84.21,5,3,4,2,130,0,1,2,88.44,2,3,9,2,152,0,1,3,88.37
491,491190,A1,Pike County,Pike Central High School,9,2,12,1,132,0,2,0,83.54,5,9,7,6,142,0,0,0,84.02,3,11,6,5,129,0,3,0,82.17,7,9,7,1,123,0,2,1,82,6,9,5,2,147,0,0,4,84.97
491,491954,A1,Pike County,Phelps High School,6,8,3,1,56,0,3,0,72.73,4,4,4,2,56,0,1,0,78.87,3,4,5,3,62,0,1,1,78.48,0,2,1,3,50,0,0,1,87.72,1,0,1,1,59,0,0,2,92.19
491,491980,A1,Pike County,Shelby Valley High School,4,4,11,3,104,2,2,0,81.54,12,8,8,8,127,0,5,0,75.6,4,8,7,6,105,0,3,2,77.78,3,7,3,4,129,0,2,0,87.16,4,5,10,4,125,0,2,1,82.78
491,491,A1,Pike County,---DISTRICT TOTAL---,32,26,36,9,581,2,8,3,83.64,30,34,32,22,594,0,14,2,81.59,27,29,33,23,573,0,10,5,81.86,15,24,25,18,568,0,7,5,85.8,28,28,34,12,636,0,4,10,84.57
492,492030,A1,Pikeville Independent,Pikeville High School,1,7,3,3,75,4,2,0,83.16,0,3,1,1,72,1,0,2,91.25,1,2,1,0,85,0,1,2,92.39,0,1,2,0,83,0,0,2,94.32,2,7,2,1,67,0,1,0,83.75
492,492,A1,Pikeville Independent,---DISTRICT TOTAL---,1,7,3,3,75,4,2,0,83.16,0,3,1,1,72,1,0,2,91.25,1,2,1,0,85,0,1,2,92.39,0,1,2,0,83,0,0,2,94.32,2,7,2,1,67,0,1,0,83.75
493,493020,A1,Pineville Independent,Pineville High School,0,1,0,3,28,0,1,0,84.85,1,1,2,1,29,0,1,0,82.86,2,2,3,0,42,0,2,0,82.35,1,2,1,0,38,0,1,0,88.37,0,2,3,3,29,0,2,0,74.36
493,493,A1,Pineville Independent,---DISTRICT TOTAL---,0,1,0,3,28,0,1,0,84.85,1,1,2,1,29,0,1,0,82.86,2,2,3,0,42,0,2,0,82.35,1,2,1,0,38,0,1,0,88.37,0,2,3,3,29,0,2,0,74.36
495,495040,A1,Powell County,Powell County High School,15,12,7,15,125,0,10,1,67.57,21,20,9,9,126,0,1,2,67.02,7,11,21,10,150,0,0,1,75,4,12,14,5,140,0,0,2,79.1,7,10,7,8,156,1,0,0,83.07
495,495,A1,Powell County,---DISTRICT TOTAL---,15,12,7,15,125,0,10,1,67.57,21,20,9,9,126,0,1,2,67.02,7,11,21,10,150,0,0,1,75,4,12,14,5,140,0,0,2,79.1,7,10,7,8,156,1,0,0,83.07
496,496,A1,Providence Independent,---DISTRICT TOTAL---,0,0,1,2,24,0,0,0,88.89,0,0,0,0,29,0,0,0,100,0,0,1,1,32,0,0,0,94.12,0,1,0,0,29,0,0,0,96.67,,,,,,,,,
501,501380,A1,Pulaski County,Pulaski County High School,8,9,2,1,213,10,2,4,89.56,4,4,5,1,176,0,1,5,89.8,5,3,4,0,193,0,0,6,91.47,1,3,3,0,195,1,0,7,93.33,6,1,4,2,194,0,0,5,91.51
501,501400,A1,Pulaski County,Southwestern High School,7,14,4,1,206,0,0,7,86.19,7,6,6,5,183,0,0,7,85.51,4,4,3,5,235,0,1,5,91.44,1,5,4,3,214,1,1,5,91.88,4,4,1,2,223,0,1,5,92.92
501,501,A1,Pulaski County,---DISTRICT TOTAL---,27,42,22,6,493,10,2,38,78.59,26,27,15,11,459,3,12,12,81.77,22,16,11,19,481,0,16,14,83.07,4,18,22,9,467,2,22,24,82.57,14,12,12,16,476,1,2,25,85.48
502,502020,A1,Raceland Independent,Raceland-Worthington High School,0,0,0,1,70,0,0,0,98.59,0,0,0,2,67,0,0,1,95.71,0,0,0,1,59,0,0,1,96.72,0,0,0,0,57,0,0,3,95,0,0,0,3,62,6,0,0,95.77
502,502,A1,Raceland Independent,---DISTRICT TOTAL---,0,0,0,1,70,0,0,0,98.59,0,0,0,2,67,0,0,1,95.71,0,0,0,1,59,0,0,1,96.72,0,0,0,0,57,0,0,3,95,0,0,0,3,62,6,0,0,95.77
505,505AAA,A1,Robertson County,Robertson County JOINT-A0E12,0,2,1,0,14,0,0,0,82.35,3,2,0,0,25,0,0,2,78.13,1,4,2,3,30,0,0,0,75,1,2,0,0,27,0,0,0,90,0,3,0,2,23,0,0,0,82.14
505,505,A1,Robertson County,---DISTRICT TOTAL---,0,2,1,0,14,0,0,0,82.35,3,2,0,0,25,0,0,2,78.13,1,4,2,3,30,0,0,0,75,1,2,0,0,27,0,0,0,90,0,3,0,2,23,0,0,0,82.14
511,511310,A1,Rockcastle County,Rockcastle County High School,15,13,14,6,171,0,2,1,77.03,9,7,5,4,173,0,3,0,86.07,4,4,3,3,189,0,1,0,92.65,8,4,11,4,185,0,0,0,87.26,3,5,6,0,203,0,0,1,93.12
511,511,A1,Rockcastle County,---DISTRICT TOTAL---,15,15,14,8,185,0,2,1,77.08,9,9,5,6,188,0,3,0,85.45,4,5,3,4,189,0,1,0,91.75,8,7,11,5,193,0,4,0,84.65,3,5,6,0,203,0,0,1,93.12
515,515180,A1,Rowan County,Rowan County Senior High School,7,13,10,9,171,0,2,1,80.28,0,6,14,4,173,0,0,1,87.37,5,4,5,6,185,0,0,0,90.24,7,5,14,7,166,1,0,14,78.04,0,11,13,2,178,0,0,2,86.41
515,515,A1,Rowan County,---DISTRICT TOTAL---,7,13,10,9,171,0,2,1,80.28,0,6,14,4,173,0,0,1,87.37,5,4,5,6,185,0,0,0,90.24,7,5,14,7,166,1,0,14,78.04,0,11,13,2,179,0,1,2,86.06
521,521240,A1,Russell County,Russell County High School,17,17,13,7,135,0,3,1,69.95,16,9,17,5,143,0,5,5,71.5,9,11,11,7,177,0,2,2,80.82,14,10,17,31,187,0,4,6,69.52,3,8,7,2,180,0,0,0,90
521,521,A1,Russell County,---DISTRICT TOTAL---,17,17,13,7,135,0,3,1,69.95,16,9,17,5,143,0,5,5,71.5,9,11,11,7,177,0,2,2,80.82,14,10,17,31,187,0,4,6,69.52,3,8,7,2,180,0,0,0,90
522,522050,A1,Russell Independent,Russell High School,1,2,1,4,158,0,0,1,94.61,0,1,4,0,139,0,1,0,95.86,0,2,5,4,162,0,1,0,93.1,0,7,5,1,153,0,0,1,91.62,2,3,3,5,152,0,1,0,91.57
522,522,A1,Russell Independent,---DISTRICT TOTAL---,1,2,1,4,158,0,0,1,94.61,0,1,4,0,139,0,1,0,95.86,0,2,5,4,162,0,1,0,93.1,0,7,5,1,153,0,0,1,91.62,2,3,3,5,152,0,1,0,91.57
523,523030,A1,Russellville Independent,Russellville High School,0,1,5,2,85,0,1,1,89.47,1,2,1,7,67,0,2,0,83.75,1,1,3,3,89,0,0,0,91.75,3,1,4,1,68,0,2,0,86.08,1,3,6,0,77,0,0,0,88.51
523,523,A1,Russellville Independent,---DISTRICT TOTAL---,0,1,5,2,85,0,1,1,89.47,1,2,1,7,67,0,2,0,83.75,1,1,3,3,89,0,0,0,91.75,3,1,4,1,68,0,2,0,86.08,1,3,6,0,78,0,0,0,88.64
525,525040,A1,Scott County,Scott County High School,17,29,24,17,332,0,3,5,77.75,17,13,18,21,290,0,12,4,77.33,8,19,20,20,367,0,14,5,81.02,16,20,17,16,350,0,8,3,81.4,19,19,13,10,403,0,2,0,86.48
525,525,A1,Scott County,---DISTRICT TOTAL---,19,29,24,17,332,0,3,5,77.39,17,13,18,21,290,0,12,4,77.33,8,19,20,20,367,0,14,5,81.02,16,20,17,16,350,0,8,3,81.4,19,19,13,10,403,0,2,0,86.48
531,531090,A1,Shelby County,Shelby County High School,16,24,13,14,303,1,7,3,79.79,15,14,10,5,312,0,1,1,87.15,6,11,10,16,342,0,0,0,88.83,7,8,19,6,314,2,0,2,88.27,12,26,11,13,327,1,7,0,82.62
531,531,A1,Shelby County,---DISTRICT TOTAL---,21,24,15,14,304,1,7,3,78.41,15,19,12,5,312,0,1,1,85.48,12,15,14,16,342,0,0,0,85.71,10,14,19,6,314,2,0,2,86.1,15,26,15,14,327,1,7,0,80.99
533,533012,A1,Silver Grove Independent,Silver Grove School,1,0,0,0,15,0,0,0,93.75,0,0,0,0,22,0,0,0,100,0,0,1,0,15,0,0,1,88.24,0,0,0,0,14,0,0,0,100,0,0,0,0,12,0,0,0,100
533,533,A1,Silver Grove Independent,---DISTRICT TOTAL---,1,0,0,0,15,0,0,0,93.75,0,0,0,0,22,0,0,0,100,0,0,1,0,15,0,0,1,88.24,0,0,0,0,14,0,0,0,100,0,0,0,0,12,0,0,0,100
535,535040,A1,Simpson County,Franklin-Simpson High School,3,3,2,9,164,0,1,1,89.62,4,8,9,4,138,0,1,0,84.15,5,2,5,7,157,0,2,6,85.33,3,6,8,4,154,0,3,2,85.56,1,5,12,6,206,0,2,3,87.66
535,535,A1,Simpson County,---DISTRICT TOTAL---,3,5,4,10,167,0,1,1,87.43,6,10,11,6,144,0,4,0,79.56,7,3,6,10,160,0,6,7,80.4,3,8,10,4,159,0,6,3,82.38,1,9,12,6,216,0,3,5,85.71
536,536070,A1,Somerset Independent,Somerset High School,8,2,3,3,91,0,0,0,85.05,5,6,4,10,115,0,2,1,80.42,3,3,2,2,98,0,0,0,90.74,2,4,2,2,104,0,0,4,88.14,2,4,1,2,105,0,1,5,87.5
536,536,A1,Somerset Independent,---DISTRICT TOTAL---,8,2,3,3,91,0,0,0,85.05,5,6,4,10,115,0,2,1,80.42,3,3,2,2,98,0,0,0,90.74,2,4,2,2,104,0,0,4,88.14,2,4,1,2,105,0,1,5,87.5
541,541050,A1,Spencer County,Spencer County High School,5,4,4,1,131,0,2,0,89.12,6,9,4,2,151,0,0,1,87.28,4,3,0,6,138,1,1,4,88.54,1,0,7,3,121,0,2,1,89.63,0,1,1,5,155,3,2,0,94.61
541,541,A1,Spencer County,---DISTRICT TOTAL---,5,4,4,1,131,0,2,0,89.12,6,9,4,2,153,0,0,1,87.43,4,3,0,6,140,1,1,4,88.68,1,0,7,3,123,0,2,1,89.78,0,1,2,6,158,3,2,0,93.6
545,545030,A1,Taylor County,Taylor County High School,2,2,6,7,199,5,5,1,89.87,4,5,5,1,156,1,3,1,89.2,3,1,8,5,177,0,1,0,90.77,2,8,3,9,190,0,0,2,88.79,5,3,4,2,162,0,0,0,92.05
545,545,A1,Taylor County,---DISTRICT TOTAL---,2,2,6,7,199,5,5,1,89.87,4,5,5,1,156,1,3,1,89.2,3,1,8,5,177,0,1,0,90.77,2,8,3,9,190,0,0,2,88.79,5,3,4,2,162,0,0,0,92.05
551,551095,A1,Todd County,Todd County Central High School,3,4,3,9,127,0,3,0,85.23,5,7,6,4,93,0,0,2,79.49,4,7,3,3,110,0,3,1,83.97,1,3,0,3,95,0,1,0,92.23,6,7,6,2,116,0,0,4,82.27
551,551,A1,Todd County,---DISTRICT TOTAL---,3,4,3,9,127,0,3,0,85.23,5,7,6,4,93,0,0,2,79.49,4,7,3,3,110,0,3,1,83.97,1,3,0,3,95,0,1,0,92.23,6,7,6,2,116,0,0,4,82.27
555,555070,A1,Trigg County,Trigg County High School,9,6,9,4,109,0,1,1,78.42,2,5,3,2,103,2,3,2,86.07,6,7,5,1,103,0,3,2,81.1,6,5,1,1,129,0,7,5,83.77,11,5,8,1,119,7,1,0,82.89
555,555,A1,Trigg County,---DISTRICT TOTAL---,9,6,9,4,109,0,1,1,78.42,2,5,3,2,103,2,3,2,86.07,6,7,5,1,103,0,3,2,81.1,6,5,1,1,129,0,7,5,83.77,11,5,8,1,119,7,1,0,82.89
561,561030,A1,Trimble County,Trimble County High School,4,4,4,2,92,0,0,0,86.79,3,1,2,3,82,0,1,1,88.17,1,2,6,4,95,1,1,1,86.49,6,2,2,5,87,2,2,0,83.96,2,1,5,5,109,1,0,1,88.71
561,561,A1,Trimble County,---DISTRICT TOTAL---,4,4,4,2,92,0,0,0,86.79,3,1,2,3,82,0,1,1,88.17,1,2,6,4,95,1,1,1,86.49,6,2,2,5,87,2,2,0,83.96,2,1,5,5,109,1,0,1,88.71
565,565065,A1,Union County,Union County High School,1,4,8,7,147,0,7,2,83.52,5,9,13,7,152,0,12,2,76,4,11,10,7,155,0,5,3,79.49,4,4,9,3,138,0,2,1,85.71,6,9,7,4,162,4,2,5,83.42
565,565,A1,Union County,---DISTRICT TOTAL---,1,5,11,7,147,0,8,2,81.22,5,9,13,8,152,0,12,2,75.62,4,12,10,11,158,0,7,3,77.07,4,6,10,5,142,0,5,1,82.08,6,11,7,5,162,4,2,5,82.18
567,567020,A1,Walton-Verona Independent,Walton-Verona High School,0,0,0,0,74,0,1,0,98.67,0,0,0,0,63,0,0,0,100,0,0,0,0,70,0,2,0,97.22,0,0,0,0,89,0,2,0,97.8,0,0,0,0,80,0,0,0,100
567,567,A1,Walton-Verona Independent,---DISTRICT TOTAL---,0,0,0,0,74,0,1,0,98.67,0,0,0,0,63,0,0,0,100,0,0,0,0,70,0,2,0,97.22,0,0,0,0,89,0,2,0,97.8,0,0,0,0,80,0,0,0,100
571,571210,A1,Warren County,Warren Central High School,5,7,9,17,229,0,0,3,84.81,4,6,13,12,240,0,0,2,86.64,4,6,14,6,245,0,2,2,87.81,5,6,9,6,254,19,0,3,90.4,9,11,12,9,267,0,0,3,85.85
571,571220,A1,Warren County,Warren East High School,8,10,6,7,164,4,2,2,82.76,4,9,4,6,170,0,5,1,85.43,2,4,2,6,178,0,1,1,91.75,4,9,9,10,188,0,0,1,85.07,2,10,9,4,187,0,0,3,86.98
571,571230,A1,Warren County,Greenwood High School,4,9,3,8,295,1,0,0,92.5,4,3,6,5,294,0,2,1,93.33,1,5,4,6,304,0,7,1,92.68,7,3,5,2,340,2,2,3,93.96,6,4,3,7,287,0,1,0,93.18
571,571,A1,Warren County,---DISTRICT TOTAL---,17,26,18,32,688,5,2,5,87.39,12,18,23,23,704,0,7,4,89,7,15,20,18,727,0,10,4,90.76,16,18,23,18,782,21,2,7,90.53,17,25,24,20,741,0,1,6,88.85
575,575074,A1,Washington County,Washington County High School,1,13,7,4,138,0,0,1,84.15,10,8,5,8,133,0,1,0,80.61,3,6,4,4,114,7,0,0,87.68,2,0,1,3,116,0,0,1,94.31,2,1,3,1,124,0,0,1,93.94
575,575,A1,Washington County,---DISTRICT TOTAL---,1,13,7,4,140,0,0,1,84.34,10,8,5,8,133,0,1,0,80.61,3,6,4,4,115,7,0,0,87.77,2,0,1,3,116,0,0,1,94.31,2,1,3,1,124,0,0,1,93.94
581,581200,A1,Wayne County,Wayne County High School,18,13,9,10,145,0,0,2,73.6,13,12,9,4,151,1,4,0,78.35,3,10,6,4,128,1,2,0,83.77,6,13,8,6,156,14,0,0,83.74,4,9,7,0,140,1,0,1,87.04
581,581,A1,Wayne County,---DISTRICT TOTAL---,18,13,9,10,145,0,0,2,73.6,13,15,9,4,151,1,4,0,77.16,3,10,6,4,128,1,2,0,83.77,6,13,8,6,156,14,0,0,83.74,4,9,7,0,156,1,0,1,88.2
585,585130,A1,Webster County,Webster County High School,11,11,2,0,137,0,1,1,84.05,4,3,5,7,0,126,0,0,86.9,4,1,4,5,102,0,0,2,86.44,4,8,5,4,123,0,0,0,85.42,3,7,7,4,134,0,0,0,86.45
585,585,A1,Webster County,---DISTRICT TOTAL---,11,11,2,0,137,2,1,1,84.24,4,3,5,7,2,126,1,0,86.49,5,1,6,6,104,0,0,2,83.87,4,8,7,4,125,0,0,0,84.46,4,9,8,6,141,0,0,0,83.93
591,591430,A1,Whitley County,Whitley County High School,7,11,6,8,203,0,1,3,84.94,8,6,7,10,211,0,2,4,85.08,7,15,10,4,239,0,3,2,85.36,1,4,6,6,232,0,1,1,92.43,4,12,12,10,241,0,6,2,83.97
591,591,A1,Whitley County,---DISTRICT TOTAL---,12,15,8,14,209,0,2,3,79.47,13,16,12,13,221,0,9,4,76.74,18,23,14,5,247,0,5,2,78.66,5,9,11,7,239,0,2,1,87.23,7,13,18,14,253,0,8,2,80.32
592,592012,A1,Williamsburg Independent,Williamsburg City School,1,0,3,0,36,0,0,0,90,1,0,0,1,56,1,1,0,95,0,0,1,0,58,0,1,0,96.67,0,0,0,0,38,0,0,0,100,0,0,0,0,44,0,0,0,100
592,592,A1,Williamsburg Independent,---DISTRICT TOTAL---,1,0,3,2,46,0,3,0,83.64,1,0,1,1,56,1,1,0,93.44,0,0,1,0,65,0,1,0,97.01,0,0,0,2,43,0,0,1,93.48,0,0,3,0,53,0,0,0,94.64
593,593020,A1,Williamstown Independent,Williamstown High School,3,2,4,1,41,0,2,0,77.36,3,1,2,1,36,0,0,0,83.72,2,1,2,3,36,0,1,1,78.26,1,3,3,5,37,0,0,0,75.51,1,2,1,1,59,1,0,0,92.31
593,593,A1,Williamstown Independent,---DISTRICT TOTAL---,3,2,4,1,41,0,2,0,77.36,3,1,2,1,36,0,0,0,83.72,2,1,2,3,36,0,1,1,78.26,1,3,3,5,37,0,0,0,75.51,1,2,1,1,59,1,0,0,92.31
595,595320,A1,Wolfe County,Wolfe County High School,2,8,11,3,84,0,0,2,76.36,10,8,4,0,85,0,0,1,78.7,4,0,0,0,84,0,0,2,93.33,0,1,0,0,79,0,0,0,98.75,0,1,0,0,66,0,0,0,98.51
595,595,A1,Wolfe County,---DISTRICT TOTAL---,2,8,11,3,84,0,0,2,76.36,10,8,4,0,85,0,0,1,78.7,4,0,0,0,84,0,0,2,93.33,0,1,0,0,79,0,0,0,98.75,0,1,0,0,66,0,0,0,98.51
601,601084,A1,Woodford County,Woodford County High School,12,12,9,6,245,0,1,1,85.66,8,4,3,5,246,0,11,0,88.81,5,5,3,4,236,0,9,4,88.72,3,8,5,4,268,6,0,0,93.2,5,7,7,3,261,1,5,0,90.66
601,601,A1,Woodford County,---DISTRICT TOTAL---,12,12,9,6,245,0,1,1,85.66,8,4,3,5,246,0,11,0,88.81,5,5,3,4,236,0,9,4,88.72,3,8,5,4,268,6,0,0,93.2,5,7,7,3,261,1,5,0,90.66
901,901,A1,Purchase,---REGION TOTAL---,64,58,77,60,1743,1,52,9,84.5,60,59,54,51,1739,12,55,12,85.75,26,51,47,38,1816,0,28,6,90.26,41,69,39,37,1750,23,15,13,89.23,58,47,56,32,1847,2,59,16,87.34
902,902,A1,Pennyrile,---REGION TOTAL---,142,103,86,56,1918,0,39,4,81.69,102,94,86,58,1841,26,32,18,82.72,88,88,84,60,1711,37,30,19,82.57,62,107,69,71,1791,1,23,15,83.78,93,94,79,52,1876,24,25,21,83.92
903,903,A1,Green River,---REGION TOTAL---,65,115,81,67,2129,6,27,26,84.86,44,84,93,59,2008,128,41,14,86.44,33,71,75,56,2109,81,14,30,88.7,26,42,65,66,2002,22,30,32,88.58,43,65,78,60,2151,4,6,32,88.36
904,904,A1,Barren River,---REGION TOTAL---,104,121,110,105,2496,23,34,25,83.47,94,100,82,94,2522,3,33,17,85.74,67,78,103,93,2581,1,33,24,86.64,60,91,101,75,2635,30,21,32,87.52,69,108,103,83,2702,18,18,37,86.68
905,905,A1,Lincoln Trail,---REGION TOTAL---,118,150,153,121,2691,11,47,33,81.29,106,112,124,80,2631,4,52,19,84.24,69,110,141,101,2541,16,42,42,83.51,82,102,125,61,2731,1,63,82,84.14,89,98,64,40,2647,7,46,82,86.37
906,906,A1,KIPDA,---REGION TOTAL---,741,655,467,216,6527,5,224,65,73.39,579,500,301,304,6864,2,172,74,78.06,430,353,363,600,6977,31,191,53,77.88,241,416,542,375,6650,57,320,87,77.2,272,616,561,355,6940,12,241,86,76.54
907,907,A1,Northern Kentucky,---REGION TOTAL---,147,125,112,69,3540,11,28,24,87.55,119,110,93,72,3455,4,40,33,88.1,120,120,103,76,3599,8,42,30,88.02,103,134,99,87,3655,4,48,39,87.77,119,87,106,70,3879,6,31,56,89.23
908,908,A1,Buffalo Trace,---REGION TOTAL---,22,33,29,16,548,4,3,5,83.64,30,28,33,30,554,1,9,8,80.09,23,27,35,11,579,1,6,5,84.43,27,22,22,9,569,3,7,8,85.76,24,27,18,17,592,1,6,12,85.08
909,909,A1,Gateway,---REGION TOTAL---,54,64,53,29,711,0,9,7,76.7,38,39,43,18,691,3,7,9,81.84,30,21,26,24,672,1,8,7,85.3,33,34,33,22,684,2,5,27,81.67,26,29,44,21,710,1,5,9,84.14
910,910,A1,FIVCO,---REGION TOTAL---,68,68,60,48,1376,14,15,8,83.89,40,51,57,53,1284,7,23,11,84.6,39,51,71,54,1346,9,19,19,84.27,47,58,57,41,1365,0,21,22,84.73,37,57,51,35,1393,6,10,13,87.33
911,911,A1,Big Sandy,---REGION TOTAL---,88,104,111,53,1614,6,44,11,79.76,97,103,85,54,1551,6,33,11,80.26,75,88,63,53,1537,0,31,15,82.55,42,49,60,55,1569,3,24,18,86.37,46,81,70,39,1588,1,18,19,85.34
912,912,A1,Kentucky River,---REGION TOTAL---,133,126,80,50,1157,4,22,33,72.34,130,77,58,44,1201,6,18,16,77.87,63,68,39,35,1126,9,20,7,83.03,54,49,34,31,1115,0,13,18,84.86,20,40,47,27,1129,1,20,18,86.79
913,913,A1,Cumberland Valley,---REGION TOTAL---,236,231,154,132,2283,6,80,18,72.9,208,204,125,123,2295,6,97,17,74.83,189,168,130,79,2339,19,48,30,78.55,143,170,115,93,2355,5,59,47,79.01,108,142,137,88,2379,7,36,34,81.41
914,914,A1,Lake Cumberland,---REGION TOTAL---,123,147,115,73,1884,15,30,52,77.86,105,116,90,72,1903,5,38,36,80.68,69,87,79,61,1938,4,28,28,84.66,50,102,91,75,1983,16,35,62,82.81,47,72,64,54,2053,8,66,70,84.68
915,915,A1,Bluegrass,---REGION TOTAL---,425,380,270,257,5581,25,179,50,78.22,410,345,284,214,5720,48,160,43,79.84,309,360,274,225,5821,39,156,61,80.88,311,297,253,223,5954,65,110,70,82.64,363,277,243,178,6325,55,124,65,83.62
999,999,A1,STATE,---STATE TOTAL---,2530,2480,1958,1403,36198,131,833,370,79.14,2162,2022,1618,1326,36259,261,810,338,81.53,1630,1748,1633,1566,36692,256,696,376,82.85,1322,1742,1705,1321,36808,232,794,572,83.24,1414,1840,1721,1203,38211,153,711,570,83.72
